date,true_price,predicted_price
10/24/16,1947.4,1965.8643
10/25/16,1958.7,1952.227
10/26/16,1949.35,1941.3413
10/27/16,1961.7999,1949.3556
10/28/16,1936.25,1954.5565
10/31/16,1950.85,1957.588
11/1/16,1909.35,1947.8203
11/2/16,1906.0,1946.1411
11/3/16,1873.4,1972.8822
11/4/16,1861.75,1973.7986
11/7/16,1859.7,1998.3788
11/8/16,1864.2999,1949.0648
11/9/16,1883.95,1954.0111
11/10/16,1886.9,1981.7755
11/11/16,1958.7,1968.8834
11/14/16,1949.35,1955.0245
11/15/16,1961.7999,1944.5703
11/16/16,1936.25,1952.2454
11/17/16,1950.85,1958.1505
11/18/16,1909.35,1961.1848
11/21/16,1906.0,1951.4486
11/22/16,1873.4,1948.5813
11/23/16,1861.75,1976.5037
11/24/16,1859.7,1976.9429
11/25/16,1864.2999,2001.7872
11/28/16,1883.95,1952.3917
11/29/16,1886.9,1956.2963
11/30/16,1902.0,1984.5585
12/1/16,1949.35,1969.3413
12/2/16,1961.7999,1955.0155
12/5/16,1936.25,1944.4778
12/6/16,1950.85,1952.3408
10/25/16,1909.35,1958.3188
10/26/16,1906.0,1961.7598
10/27/16,1873.4,1951.8109
10/28/16,1861.75,1948.8452
10/31/16,1859.7,1976.8094
11/1/16,1864.2999,1977.0908
11/2/16,1883.95,2002.0458
11/3/16,1886.9,1952.4487
11/4/16,1902.0,1956.5798
11/7/16,1903.0499,1984.5126
11/8/16,1961.7999,1972.157
11/9/16,1936.25,1957.6938
11/10/16,1950.85,1947.4219
11/11/16,1909.35,1954.7981
11/14/16,1906.0,1961.0253
11/15/16,1873.4,1963.9652
11/16/16,1861.75,1953.8738
11/17/16,1859.7,1951.2994
11/18/16,1864.2999,1979.4484
11/21/16,1883.95,1980.1665
11/22/16,1886.9,2004.6788
11/23/16,1902.0,1955.3528
11/24/16,1903.0499,1959.3146
11/25/16,1909.6,1987.5515
11/28/16,1936.25,1974.2821
11/29/16,1950.85,1959.2554
11/30/16,1909.35,1949.0327
12/1/16,1906.0,1956.284
12/2/16,1873.4,1962.7511
12/5/16,1861.75,1965.6929
12/6/16,1859.7,1955.181
12/7/16,1864.2999,1953.0316
10/26/16,1883.95,1981.1053
10/27/16,1886.9,1982.1182
10/28/16,1902.0,2006.4235
10/31/16,1903.0499,1957.0414
11/1/16,1909.6,1961.2565
11/2/16,1913.3999,1989.3124
11/3/16,1950.85,1974.948
11/4/16,1909.35,1960.9146
11/7/16,1906.0,1950.222
11/8/16,1873.4,1957.9033
11/9/16,1861.75,1963.7607
11/10/16,1859.7,1966.5415
11/11/16,1864.2999,1956.2588
11/14/16,1883.95,1954.7476
11/15/16,1886.9,1982.174
11/16/16,1902.0,1983.0566
11/17/16,1903.0499,2007.7982
11/18/16,1909.6,1958.0408
11/21/16,1913.3999,1962.8322
11/22/16,1884.5,1990.9174
11/23/16,1909.35,1974.7327
11/24/16,1906.0,1960.7855
11/25/16,1873.4,1950.1351
11/28/16,1861.75,1957.9248
11/29/16,1859.7,1963.6257
11/30/16,1864.2999,1966.3348
12/1/16,1883.95,1956.223
12/2/16,1886.9,1954.5535
12/5/16,1902.0,1982.1482
12/6/16,1903.0499,1982.9456
12/7/16,1909.6,2007.6886
12/8/16,1913.3999,1957.9789
10/27/16,1884.5,1962.7145
10/28/16,1887.45,1990.7909
10/31/16,1906.0,1969.1832
11/1/16,1873.4,1955.6023
11/2/16,1861.75,1944.7844
11/3/16,1859.7,1952.6405
11/4/16,1864.2999,1957.9004
11/7/16,1883.95,1960.624
11/8/16,1886.9,1950.7701
11/9/16,1902.0,1949.4072
11/10/16,1903.0499,1976.2412
11/11/16,1909.6,1977.3458
11/14/16,1913.3999,2001.8456
11/15/16,1884.5,1952.4647
11/16/16,1887.45,1957.4358
11/17/16,1923.25,1985.4172
11/18/16,1873.4,1966.8113
11/21/16,1861.75,1952.6537
11/22/16,1859.7,1942.1912
11/23/16,1864.2999,1949.9799
11/24/16,1883.95,1955.7896
11/25/16,1886.9,1958.756
11/28/16,1902.0,1948.8751
11/29/16,1903.0499,1946.4918
11/30/16,1909.6,1974.1646
12/1/16,1913.3999,1974.652
12/2/16,1884.5,1999.1825
12/5/16,1887.45,1950.1141
12/6/16,1923.25,1954.5164
12/7/16,1925.5,1982.0568
12/8/16,1861.75,1961.325
12/9/16,1859.7,1947.3086
10/28/16,1864.2999,1936.7905
10/31/16,1883.95,1944.7557
11/1/16,1886.9,1950.5244
11/2/16,1902.0,1953.7399
11/3/16,1903.0499,1944.0433
11/4/16,1909.6,1941.2532
11/7/16,1913.3999,1968.7062
11/8/16,1884.5,1968.9193
11/9/16,1887.45,1993.5774
11/10/16,1923.25,1944.6785
11/11/16,1925.5,1948.997
11/14/16,1891.3,1976.2067
11/15/16,1859.7,1957.2085
11/16/16,1864.2999,1942.5492
11/17/16,1883.95,1932.5955
11/18/16,1886.9,1939.909
11/21/16,1902.0,1946.183
11/22/16,1903.0499,1948.9508
11/23/16,1909.6,1939.1324
11/24/16,1913.3999,1936.3657
11/25/16,1884.5,1964.1112
11/28/16,1887.45,1964.678
11/29/16,1923.25,1988.3965
11/30/16,1925.5,1940.5724
12/1/16,1891.3,1944.4973
12/2/16,1910.05,1971.3436
12/5/16,1864.2999,1953.0308
12/6/16,1883.95,1937.5719
12/7/16,1886.9,1927.9252
12/8/16,1902.0,1934.933
12/9/16,1903.0499,1941.8087
12/12/16,1909.6,1944.6703
10/31/16,1913.3999,1934.473
11/1/16,1884.5,1931.5413
11/2/16,1887.45,1959.2891
11/3/16,1923.25,1960.0168
11/4/16,1925.5,1983.3466
11/7/16,1891.3,1935.9956
11/8/16,1910.05,1939.6974
11/9/16,1891.9,1966.0541
11/10/16,1883.95,1950.9498
11/11/16,1886.9,1936.2579
11/14/16,1902.0,1926.3158
11/15/16,1903.0499,1933.6053
11/16/16,1909.6,1940.1497
11/17/16,1913.3999,1942.8134
11/18/16,1884.5,1932.7944
11/21/16,1887.45,1930.2765
11/22/16,1923.25,1957.5468
11/23/16,1925.5,1958.0443
11/24/16,1891.3,1981.6273
11/25/16,1910.05,1934.2567
11/28/16,1891.9,1938.3126
11/29/16,1905.0499,1964.4271
11/30/16,1886.9,1947.9014
12/1/16,1902.0,1933.1506
12/2/16,1903.0499,1923.5201
12/5/16,1909.6,1930.5474
12/6/16,1913.3999,1937.4604
12/7/16,1884.5,1939.9877
12/8/16,1887.45,1930.0707
12/9/16,1923.25,1926.9619
12/12/16,1925.5,1954.5894
12/13/16,1891.3,1954.9672
11/1/16,1910.05,1978.4398
11/2/16,1891.9,1931.4507
11/3/16,1905.0499,1934.8739
11/4/16,1905.6,1961.0394
11/7/16,1902.0,1941.5398
11/8/16,1903.0499,1927.2441
11/9/16,1909.6,1917.4357
11/10/16,1913.3999,1924.4211
11/11/16,1884.5,1931.04
11/14/16,1887.45,1933.4606
11/15/16,1923.25,1923.7333
11/16/16,1925.5,1921.1128
11/17/16,1891.3,1947.9293
11/18/16,1910.05,1948.5225
11/21/16,1891.9,1971.6847
11/22/16,1905.0499,1925.2029
11/23/16,1905.6,1928.896
11/24/16,1898.4,1954.796
11/25/16,1903.0499,1939.052
11/28/16,1909.6,1924.593
11/29/16,1913.3999,1915.0773
11/30/16,1884.5,1921.8026
12/1/16,1887.45,1928.8682
12/2/16,1923.25,1931.2056
12/5/16,1925.5,1921.4949
12/6/16,1891.3,1918.3313
12/7/16,1910.05,1945.5145
12/8/16,1891.9,1945.9407
12/9/16,1905.0499,1969.0109
12/12/16,1905.6,1922.859
12/13/16,1898.4,1926.0074
12/14/16,1924.15,1951.8544
11/2/16,1909.6,1933.315
11/3/16,1913.3999,1919.7725
11/4/16,1884.5,1909.7994
11/7/16,1887.45,1916.7693
11/8/16,1923.25,1923.0088
11/9/16,1925.5,1925.1752
11/10/16,1891.3,1915.7794
11/11/16,1910.05,1913.6388
11/14/16,1891.9,1939.5607
11/15/16,1905.0499,1940.2963
11/16/16,1905.6,1963.1512
11/17/16,1898.4,1917.3447
11/18/16,1924.15,1921.2424
11/21/16,1900.95,1946.8075
11/22/16,1913.3999,1930.3528
11/23/16,1884.5,1916.799
11/24/16,1887.45,1907.147
11/25/16,1923.25,1913.786
11/28/16,1925.5,1920.2286
11/29/16,1891.3,1922.161
11/30/16,1910.05,1912.9221
12/1/16,1891.9,1910.4368
12/2/16,1905.0499,1936.6614
12/5/16,1905.6,1937.3988
12/6/16,1898.4,1959.9181
12/7/16,1924.15,1914.7097
12/8/16,1900.95,1918.0925
12/9/16,1903.65,1943.695
12/12/16,1884.5,1924.853
12/13/16,1887.45,1912.1469
12/14/16,1923.25,1901.8931
12/15/16,1925.5,1909.046
11/3/16,1891.3,1914.4236
11/4/16,1910.05,1916.468
11/7/16,1891.9,1907.5675
11/8/16,1905.0499,1906.0371
11/9/16,1905.6,1930.9053
11/10/16,1898.4,1931.9095
11/11/16,1924.15,1954.3732
11/14/16,1900.95,1909.2765
11/15/16,1903.65,1913.5941
11/16/16,1898.45,1938.8779
11/17/16,1887.45,1920.5548
11/18/16,1923.25,1908.3628
11/21/16,1925.5,1898.2186
11/22/16,1891.3,1905.2664
11/23/16,1910.05,1910.385
11/24/16,1891.9,1912.1647
11/25/16,1905.0499,1903.7131
11/28/16,1905.6,1902.0017
11/29/16,1898.4,1926.806
11/30/16,1924.15,1927.8353
12/1/16,1900.95,1950.059
12/2/16,1903.65,1905.5012
12/5/16,1898.45,1909.5168
12/6/16,1905.7,1934.9203
12/7/16,1923.25,1914.8564
12/8/16,1925.5,1902.7246
12/9/16,1891.3,1892.3364
12/12/16,1910.05,1899.7777
12/13/16,1891.9,1904.354
12/14/16,1905.0499,1906.4786
12/15/16,1905.6,1898.2385
12/16/16,1898.4,1896.6353
11/4/16,1924.15,1920.8672
11/7/16,1900.95,1921.8783
11/8/16,1903.65,1943.9779
11/9/16,1898.45,1899.6553
11/10/16,1905.7,1904.1208
11/11/16,1869.95,1928.9944
11/14/16,1925.5,1915.4073
11/15/16,1891.3,1903.5453
11/16/16,1910.05,1893.1019
11/17/16,1891.9,1900.677
11/18/16,1905.0499,1905.0112
11/21/16,1905.6,1907.2205
11/22/16,1898.4,1899.2678
11/23/16,1924.15,1897.3453
11/24/16,1900.95,1921.7665
11/25/16,1903.65,1922.5891
11/28/16,1898.45,1944.8596
11/29/16,1905.7,1900.4216
11/30/16,1869.95,1904.7651
12/1/16,1870.2999,1929.8806
12/2/16,1891.3,1916.3279
12/5/16,1910.05,1904.3202
12/6/16,1891.9,1893.8843
12/7/16,1905.0499,1901.453
12/8/16,1905.6,1905.8813
12/9/16,1898.4,1908.4729
12/12/16,1924.15,1900.5652
12/13/16,1900.95,1898.0448
12/14/16,1903.65,1922.6747
12/15/16,1898.45,1923.4501
12/16/16,1905.7,1945.956
12/19/16,1869.95,1901.2054
11/7/16,1870.2999,1905.1965
11/8/16,1881.85,1930.7411
11/9/16,1910.05,1917.7383
11/10/16,1891.9,1905.5145
11/11/16,1905.0499,1895.1267
11/14/16,1905.6,1902.6425
11/15/16,1898.4,1907.1674
11/16/16,1924.15,1909.8378
11/17/16,1900.95,1901.8478
11/18/16,1903.65,1899.2388
11/21/16,1898.45,1924.0132
11/22/16,1905.7,1924.8312
11/23/16,1869.95,1947.3314
11/24/16,1870.2999,1902.4846
11/25/16,1881.85,1906.4171
11/28/16,1889.9,1932.0576
11/29/16,1891.9,1921.977
11/30/16,1905.0499,1908.8938
12/1/16,1905.6,1898.797
12/2/16,1898.4,1906.1384
12/5/16,1924.15,1911.1952
12/6/16,1900.95,1913.9408
12/7/16,1903.65,1905.5734
12/8/16,1898.45,1902.6764
12/9/16,1905.7,1928.1935
12/12/16,1869.95,1928.9174
12/13/16,1870.2999,1951.3453
12/14/16,1881.85,1906.386
12/15/16,1889.9,1910.1346
12/16/16,1908.2999,1935.665
12/19/16,1905.0499,1923.9393
12/20/16,1905.6,1910.9169
11/8/16,1898.4,1900.719
11/9/16,1924.15,1908.0807
11/10/16,1900.95,1913.181
11/11/16,1903.65,1915.9332
11/14/16,1898.45,1907.4338
11/15/16,1905.7,1904.7354
11/16/16,1869.95,1930.0986
11/17/16,1870.2999,1930.9065
11/18/16,1881.85,1953.5009
11/21/16,1889.9,1908.2439
11/22/16,1908.2999,1912.117
11/23/16,1900.15,1937.7806
11/24/16,1905.6,1927.5933
11/25/16,1898.4,1914.261
11/28/16,1924.15,1904.2429
11/29/16,1900.95,1911.4718
11/30/16,1903.65,1916.9343
12/1/16,1898.45,1919.5707
12/2/16,1905.7,1910.8683
12/5/16,1869.95,1908.0514
12/6/16,1870.2999,1933.9755
12/7/16,1881.85,1934.5844
12/8/16,1889.9,1957.2251
12/9/16,1908.2999,1911.8958
12/12/16,1900.15,1915.6191
12/13/16,1938.45,1941.2539
12/14/16,1898.4,1929.2544
12/15/16,1924.15,1915.9285
12/16/16,1900.95,1905.8396
12/19/16,1903.65,1913.1025
12/20/16,1898.45,1918.6166
12/21/16,1905.7,1921.301
11/9/16,1869.95,1912.4963
11/10/16,1870.2999,1909.7483
11/11/16,1881.85,1935.6249
11/14/16,1889.9,1936.2482
11/15/16,1908.2999,1959.0531
11/16/16,1900.15,1913.4666
11/17/16,1938.45,1917.25
11/18/16,1940.7999,1942.9935
11/21/16,1924.15,1930.3287
11/22/16,1900.95,1917.1638
11/23/16,1903.65,1906.9995
11/24/16,1898.45,1914.2013
11/25/16,1905.7,1919.4413
11/28/16,1869.95,1921.7996
11/29/16,1870.2999,1912.9662
11/30/16,1881.85,1910.9391
12/1/16,1889.9,1936.39
12/2/16,1908.2999,1937.5276
12/5/16,1900.15,1960.0626
12/6/16,1938.45,1914.5117
12/7/16,1940.7999,1918.6268
12/8/16,1867.2999,1944.5164
12/9/16,1900.95,1932.6041
12/12/16,1903.65,1919.2188
12/13/16,1898.45,1909.0757
12/14/16,1905.7,1916.2827
12/15/16,1869.95,1921.6283
12/16/16,1870.2999,1924.0227
12/19/16,1881.85,1915.045
12/20/16,1889.9,1913.0298
12/21/16,1908.2999,1938.6578
12/22/16,1900.15,1939.7831
11/10/16,1938.45,1962.3713
11/11/16,1940.7999,1916.6511
11/14/16,1867.2999,1920.8049
11/15/16,1878.7,1946.7089
11/16/16,1903.65,1932.1892
11/17/16,1898.45,1919.4402
11/18/16,1905.7,1909.0283
11/21/16,1869.95,1916.6576
11/22/16,1870.2999,1921.9141
11/23/16,1881.85,1924.6906
11/24/16,1889.9,1915.9768
11/25/16,1908.2999,1913.2657
11/28/16,1900.15,1939.011
11/29/16,1938.45,1939.3615
11/30/16,1940.7999,1962.7975
12/1/16,1867.2999,1916.5582
12/2/16,1878.7,1920.5327
12/5/16,1860.95,1946.5273
12/6/16,1898.45,1931.5221
12/7/16,1905.7,1918.6459
12/8/16,1869.95,1908.4071
12/9/16,1870.2999,1915.9714
12/12/16,1881.85,1921.2482
12/13/16,1889.9,1923.9563
12/14/16,1908.2999,1915.3619
12/15/16,1900.15,1912.3835
12/16/16,1938.45,1938.4335
12/19/16,1940.7999,1938.7358
12/20/16,1867.2999,1962.0089
12/21/16,1878.7,1916.0
12/22/16,1860.95,1919.7639
12/23/16,1874.85,1945.7316
12/7/16,1905.7,1930.024
12/8/16,1869.95,1916.46
12/9/16,1870.2999,1906.5652
12/12/16,1881.85,1913.4987
12/13/16,1889.9,1919.0809
12/14/16,1908.2999,1921.4869
12/15/16,1900.15,1912.6178
12/16/16,1938.45,1910.1599
12/19/16,1940.7999,1936.087
12/20/16,1867.2999,1937.1311
12/21/16,1878.7,1959.462
12/22/16,1860.95,1914.1906
12/23/16,1874.85,1917.9197
12/28/16,1890.9,1943.804
12/29/16,1869.95,1932.1658
12/30/16,1870.2999,1918.2423
1/3/17,1881.85,1908.323
1/4/17,1889.9,1915.3494
1/5/17,1908.2999,1921.2284
1/6/17,1900.15,1923.8331
1/9/17,1938.45,1914.6304
1/10/17,1940.7999,1912.1089
1/11/17,1867.2999,1938.142
1/12/17,1878.7,1939.0675
1/13/17,1860.95,1961.6604
1/16/17,1874.85,1916.0199
1/17/17,1890.9,1919.8191
1/18/17,1885.6,1945.5627
1/19/17,1870.2999,1930.5334
1/20/17,1881.85,1917.8582
1/23/17,1889.9,1907.4143
1/24/17,1908.2999,1914.9552
12/8/16,1900.15,1920.0034
12/9/16,1938.45,1922.4009
12/12/16,1940.7999,1913.6187
12/13/16,1867.2999,1911.7571
12/14/16,1878.7,1936.9419
12/15/16,1860.95,1937.7563
12/16/16,1874.85,1960.7379
12/19/16,1890.9,1914.8589
12/20/16,1885.6,1919.2786
12/21/16,1889.05,1944.9994
12/22/16,1881.85,1927.3298
12/23/16,1889.9,1914.1075
12/28/16,1908.2999,1904.1917
12/29/16,1900.15,1911.3544
12/30/16,1938.45,1916.9304
1/3/17,1940.7999,1919.2131
1/4/17,1867.2999,1910.4777
1/5/17,1878.7,1907.8525
1/6/17,1860.95,1933.8102
1/9/17,1874.85,1934.4119
1/10/17,1890.9,1956.9717
1/11/17,1885.6,1911.8092
1/12/17,1889.05,1915.5377
1/13/17,1876.1,1940.9977
1/16/17,1889.9,1923.3125
1/17/17,1908.2999,1910.0681
1/18/17,1900.15,1899.94
1/19/17,1938.45,1907.3215
1/20/17,1940.7999,1912.6338
1/23/17,1867.2999,1915.219
1/24/17,1878.7,1906.499
1/25/17,1860.95,1904.0403
12/9/16,1874.85,1929.3953
12/12/16,1890.9,1930.1376
12/13/16,1885.6,1952.6462
12/14/16,1889.05,1907.5211
12/15/16,1876.1,1911.5858
12/16/16,1857.35,1936.7505
12/19/16,1908.2999,1923.8851
12/20/16,1900.15,1910.7842
12/21/16,1938.45,1900.8185
12/22/16,1940.7999,1907.9595
12/23/16,1867.2999,1913.4054
12/28/16,1878.7,1915.7286
12/29/16,1860.95,1907.1006
12/30/16,1874.85,1904.538
1/3/17,1890.9,1930.1555
1/4/17,1885.6,1930.9001
1/5/17,1889.05,1953.3008
1/6/17,1876.1,1908.3704
1/9/17,1857.35,1912.1224
1/10/17,1875.7,1937.5254
1/11/17,1900.15,1924.283
1/12/17,1938.45,1910.7944
1/13/17,1940.7999,1900.8982
1/16/17,1867.2999,1908.0496
1/17/17,1878.7,1913.8248
1/18/17,1860.95,1916.4889
1/19/17,1874.85,1907.7018
1/20/17,1890.9,1904.6158
1/23/17,1885.6,1930.526
1/24/17,1889.05,1931.0614
1/25/17,1876.1,1953.6813
1/26/17,1857.35,1908.5409
12/12/16,1875.7,1912.0365
12/13/16,1840.2,1937.4398
12/14/16,1938.45,1924.7611
12/15/16,1940.7999,1911.857
12/16/16,1867.2999,1901.7175
12/19/16,1878.7,1908.9679
12/20/16,1860.95,1914.3226
12/21/16,1874.85,1916.774
12/22/16,1890.9,1908.1362
12/23/16,1885.6,1905.6312
12/28/16,1889.05,1931.047
12/29/16,1876.1,1931.7911
12/30/16,1857.35,1954.4381
1/3/17,1875.7,1909.2014
1/4/17,1840.2,1913.0374
1/5/17,1799.6,1938.6271
1/6/17,1940.7999,1927.8645
1/9/17,1867.2999,1914.3278
1/10/17,1878.7,1904.5142
1/11/17,1860.95,1911.4264
1/12/17,1874.85,1917.2369
1/13/17,1890.9,1919.6077
1/16/17,1885.6,1910.715
1/17/17,1889.05,1907.9993
1/18/17,1876.1,1934.0045
1/19/17,1857.35,1934.8805
1/20/17,1875.7,1957.2963
1/23/17,1840.2,1912.1273
1/24/17,1799.6,1915.6273
1/25/17,1810.2,1941.368
1/26/17,1867.2999,1929.3949
1/27/17,1878.7,1916.5153
12/13/16,1860.95,1906.2118
12/14/16,1874.85,1913.4983
12/15/16,1890.9,1918.8453
12/16/16,1885.6,1921.4043
12/19/16,1889.05,1912.5903
12/20/16,1876.1,1910.3125
12/21/16,1857.35,1935.7189
12/22/16,1875.7,1936.5079
12/23/16,1840.2,1959.4141
12/28/16,1799.6,1913.6877
12/29/16,1810.2,1917.6865
12/30/16,1807.4,1943.5928
1/3/17,1878.7,1927.0884
1/4/17,1860.95,1914.5312
1/5/17,1874.85,1904.39
1/6/17,1890.9,1911.5725
1/9/17,1885.6,1917.0116
1/10/17,1889.05,1919.3794
1/11/17,1876.1,1910.8052
1/12/17,1857.35,1908.1305
1/13/17,1875.7,1933.735
1/16/17,1840.2,1934.3274
1/17/17,1799.6,1957.256
1/18/17,1810.2,1911.8009
1/19/17,1807.4,1915.3818
1/20/17,1779.3,1941.3555
1/23/17,1860.95,1922.9674
1/24/17,1874.85,1909.9817
1/25/17,1890.9,1899.8372
1/26/17,1885.6,1907.073
1/27/17,1889.05,1912.1272
1/30/17,1876.1,1914.3336
12/14/16,1857.35,1905.676
12/15/16,1875.7,1903.892
12/16/16,1840.2,1928.9701
12/19/16,1799.6,1929.9901
12/20/16,1810.2,1952.1093
12/21/16,1807.4,1907.375
12/22/16,1779.3,1911.7008
12/23/16,1762.5499,1936.8123
12/28/16,1874.85,1919.7751
12/29/16,1890.9,1906.8369
12/30/16,1885.6,1896.8353
1/3/17,1889.05,1903.8772
1/4/17,1876.1,1909.0817
1/5/17,1857.35,1911.1724
1/6/17,1875.7,1902.5935
1/9/17,1840.2,1900.6536
1/10/17,1799.6,1925.6587
1/11/17,1810.2,1926.7698
1/12/17,1807.4,1948.7036
1/13/17,1779.3,1904.2982
1/16/17,1762.5499,1908.3633
1/17/17,1810.75,1933.4617
1/18/17,1890.9,1917.4447
1/19/17,1885.6,1904.8993
1/20/17,1889.05,1894.5399
1/23/17,1876.1,1902.1324
1/24/17,1857.35,1906.8639
1/25/17,1875.7,1909.2567
1/26/17,1840.2,1900.8792
1/27/17,1799.6,1898.9324
1/30/17,1810.2,1923.5358
1/31/17,1807.4,1924.3301
12/15/16,1779.3,1946.6561
12/16/16,1762.5499,1901.9854
12/19/16,1810.75,1906.4485
12/20/16,1822.6,1931.2434
12/21/16,1885.6,1917.4713
12/22/16,1889.05,1905.135
12/23/16,1876.1,1894.9014
12/28/16,1857.35,1902.4106
12/29/16,1875.7,1907.1804
12/30/16,1840.2,1909.5408
1/3/17,1799.6,1901.4369
1/4/17,1810.2,1898.929
1/5/17,1807.4,1923.948
1/6/17,1779.3,1924.526
1/9/17,1762.5499,1946.9587
1/10/17,1810.75,1902.3394
1/11/17,1822.6,1906.3356
1/12/17,1832.35,1931.4747
1/13/17,1889.05,1916.0486
1/16/17,1876.1,1903.1107
1/17/17,1857.35,1893.0905
1/18/17,1875.7,1900.3756
1/19/17,1840.2,1905.539
1/20/17,1799.6,1908.2059
1/23/17,1810.2,1899.9523
1/24/17,1807.4,1896.8784
1/25/17,1779.3,1922.1182
1/26/17,1762.5499,1922.8477
1/27/17,1810.75,1945.1421
1/30/17,1822.6,1900.5793
1/31/17,1832.35,1904.1395
2/1/17,1843.0,1929.4073
12/16/16,1876.1,1917.8406
12/19/16,1857.35,1904.7145
12/20/16,1875.7,1894.7018
12/21/16,1840.2,1901.9202
12/22/16,1799.6,1907.1357
12/23/16,1810.2,1909.738
12/28/16,1807.4,1901.3032
12/29/16,1779.3,1898.5221
12/30/16,1762.5499,1923.7395
1/3/17,1810.75,1924.6483
1/4/17,1822.6,1946.8325
1/5/17,1832.35,1902.2118
1/6/17,1843.0,1905.9268
1/9/17,1859.95,1931.1818
1/10/17,1857.35,1919.1554
1/11/17,1875.7,1905.6088
1/12/17,1840.2,1895.9587
1/13/17,1799.6,1902.9104
1/16/17,1810.2,1908.9985
1/17/17,1807.4,1911.7191
1/18/17,1779.3,1903.0933
1/19/17,1762.5499,1899.3356
1/20/17,1810.75,1925.5471
1/23/17,1822.6,1925.7716
1/24/17,1832.35,1948.2406
1/25/17,1843.0,1903.6445
1/26/17,1859.95,1906.6101
1/27/17,1868.15,1931.7867
1/30/17,1875.7,1916.7281
1/31/17,1840.2,1903.2994
2/1/17,1799.6,1893.5525
2/2/17,1810.2,1900.6483
12/19/16,1807.4,1906.6605
12/20/16,1779.3,1909.377
12/21/16,1762.5499,1900.7336
12/22/16,1810.75,1897.1758
12/23/16,1822.6,1923.0444
12/28/16,1832.35,1923.225
12/29/16,1843.0,1945.7218
12/30/16,1859.95,1901.1989
1/3/17,1868.15,1904.3927
1/4/17,1841.75,1929.2186
1/5/17,1840.2,1915.6887
1/6/17,1799.6,1902.0996
1/9/17,1810.2,1892.6184
1/10/17,1807.4,1899.0845
1/11/17,1779.3,1904.9836
1/12/17,1762.5499,1906.7921
1/13/17,1810.75,1898.0181
1/16/17,1822.6,1895.8447
1/17/17,1832.35,1921.2446
1/18/17,1843.0,1922.4418
1/19/17,1859.95,1943.7108
1/20/17,1868.15,1900.1952
1/23/17,1841.75,1903.7589
1/24/17,1844.35,1928.4446
1/25/17,1799.6,1911.0883
1/26/17,1810.2,1897.3586
1/27/17,1807.4,1887.9141
1/30/17,1779.3,1894.2961
1/31/17,1762.5499,1900.4785
2/1/17,1810.75,1902.4045
2/2/17,1822.6,1893.4773
2/3/17,1832.35,1891.2098
12/20/16,1843.0,1916.2338
12/21/16,1859.95,1917.5258
12/22/16,1868.15,1938.7477
12/23/16,1841.75,1895.4148
12/28/16,1844.35,1898.8634
12/29/16,1842.0,1923.3025
12/30/16,1810.2,1903.5061
1/3/17,1807.4,1891.5304
1/4/17,1779.3,1881.2574
1/5/17,1762.5499,1888.681
1/6/17,1810.75,1893.4471
1/9/17,1822.6,1895.2948
1/10/17,1832.35,1887.1085
1/11/17,1843.0,1885.6503
1/12/17,1859.95,1909.269
1/13/17,1868.15,1910.155
1/16/17,1841.75,1931.8516
1/17/17,1844.35,1888.4851
1/18/17,1842.0,1893.0498
1/19/17,1831.15,1916.7915
1/20/17,1807.4,1894.5577
1/23/17,1779.3,1882.3126
1/24/17,1762.5499,1872.6969
1/25/17,1810.75,1879.6904
1/26/17,1822.6,1884.8583
1/27/17,1832.35,1886.5156
1/30/17,1843.0,1878.7657
1/31/17,1859.95,1876.1289
2/1/17,1868.15,1900.5436
2/2/17,1841.75,1901.0996
2/3/17,1844.35,1922.1431
2/6/17,1842.0,1880.0674
12/21/16,1831.15,1883.5967
12/22/16,1850.65,1906.9648
12/23/16,1779.3,1883.7095
12/28/16,1762.5499,1871.2051
12/29/16,1810.75,1861.5874
12/30/16,1822.6,1868.5952
1/3/17,1832.35,1873.7694
1/4/17,1843.0,1875.989
1/5/17,1859.95,1868.3707
1/6/17,1868.15,1865.2255
1/9/17,1841.75,1889.0978
1/10/17,1844.35,1889.6971
1/11/17,1842.0,1910.4128
1/12/17,1831.15,1868.9636
1/13/17,1850.65,1872.3173
1/16/17,1851.95,1895.1713
1/17/17,1762.5499,1878.341
1/18/17,1810.75,1865.8446
1/19/17,1822.6,1856.548
1/20/17,1832.35,1863.2075
1/23/17,1843.0,1868.628
1/24/17,1859.95,1870.5642
1/25/17,1868.15,1863.0875
1/26/17,1841.75,1859.694
1/27/17,1844.35,1883.6449
1/30/17,1842.0,1884.307
1/31/17,1831.15,1904.5756
2/1/17,1850.65,1863.8884
2/2/17,1851.95,1866.788
2/3/17,1890.75,1889.4712
2/6/17,1810.75,1870.5935
2/7/17,1822.6,1857.4277
12/22/16,1832.35,1848.525
12/23/16,1843.0,1854.8068
12/28/16,1859.95,1860.7794
12/29/16,1868.15,1862.67
12/30/16,1841.75,1855.0396
1/3/17,1844.35,1851.3839
1/4/17,1842.0,1875.3801
1/5/17,1831.15,1876.1064
1/6/17,1850.65,1895.6941
1/9/17,1851.95,1855.9781
1/10/17,1890.75,1858.5693
1/11/17,1879.75,1880.5094
1/12/17,1822.6,1867.6318
1/13/17,1832.35,1854.5927
1/16/17,1843.0,1845.5953
1/17/17,1859.95,1851.9462
1/18/17,1868.15,1857.7754
1/19/17,1841.75,1859.5153
1/20/17,1844.35,1851.8557
1/23/17,1842.0,1848.6406
1/24/17,1831.15,1872.2202
1/25/17,1850.65,1873.0958
1/26/17,1851.95,1892.4823
1/27/17,1890.75,1853.0049
1/30/17,1879.75,1855.8746
1/31/17,1880.0,1877.4606
2/1/17,1832.35,1864.4492
2/2/17,1843.0,1852.1102
2/3/17,1859.95,1843.0721
2/6/17,1868.15,1849.2211
2/7/17,1841.75,1854.9485
2/8/17,1844.35,1856.373
12/23/16,1842.0,1848.9618
12/28/16,1831.15,1845.9285
12/29/16,1850.65,1869.0848
12/30/16,1851.95,1870.1344
1/3/17,1890.75,1889.4327
1/4/17,1879.75,1850.2399
1/5/17,1880.0,1852.9088
1/6/17,1877.1,1874.7942
1/9/17,1843.0,1860.479
1/10/17,1859.95,1848.3624
1/11/17,1868.15,1839.2921
1/12/17,1841.75,1845.529
1/13/17,1844.35,1851.3688
1/16/17,1842.0,1852.9604
1/17/17,1831.15,1845.7189
1/18/17,1850.65,1842.2151
1/19/17,1851.95,1865.3595
1/20/17,1890.75,1866.0034
1/23/17,1879.75,1885.506
1/24/17,1880.0,1846.4418
1/25/17,1877.1,1848.8995
1/26/17,1875.0,1870.5815
1/27/17,1859.95,1856.4427
1/30/17,1868.15,1845.1499
1/31/17,1841.75,1835.7626
2/1/17,1844.35,1842.1652
2/2/17,1842.0,1847.2814
2/3/17,1831.15,1848.6216
2/6/17,1850.65,1841.746
2/7/17,1851.95,1838.9736
2/8/17,1890.75,1861.2128
2/9/17,1879.75,1862.223
12/28/16,1880.0,1881.4875
12/29/16,1877.1,1842.6792
12/30/16,1875.0,1845.6097
1/3/17,1874.65,1867.2753
1/4/17,1868.15,1853.5201
1/5/17,1841.75,1842.2175
1/6/17,1844.35,1833.0077
1/9/17,1842.0,1838.9873
1/10/17,1831.15,1843.9204
1/11/17,1850.65,1844.9188
1/12/17,1851.95,1838.1388
1/13/17,1890.75,1835.8538
1/16/17,1879.75,1857.7964
1/17/17,1880.0,1859.475
1/18/17,1877.1,1877.9347
1/19/17,1875.0,1839.8762
1/20/17,1874.65,1842.7523
1/23/17,1874.3,1864.5542
1/24/17,1841.75,1851.4827
1/25/17,1844.35,1840.7441
1/26/17,1842.0,1831.1008
1/27/17,1831.15,1837.5847
1/30/17,1850.65,1842.0168
1/31/17,1851.95,1843.4265
2/1/17,1890.75,1836.8438
2/2/17,1879.75,1834.569
2/3/17,1880.0,1856.0093
2/6/17,1877.1,1857.3638
2/7/17,1875.0,1876.3041
2/8/17,1874.65,1837.9277
2/9/17,1874.3,1841.1554
2/10/17,1887.6,1862.8337
1/25/17,1844.35,1848.8702
1/26/17,1842.0,1839.38
1/27/17,1831.15,1829.3363
1/30/17,1850.65,1836.3385
1/31/17,1851.95,1839.9243
2/1/17,1890.75,1841.3383
2/2/17,1879.75,1835.4492
2/3/17,1880.0,1833.1099
2/6/17,1877.1,1854.1664
2/7/17,1875.0,1855.1034
2/8/17,1874.65,1874.492
2/9/17,1874.3,1836.0072
2/10/17,1887.6,1839.4244
2/13/17,1915.4,1861.2365
2/14/17,1842.0,1845.6473
2/15/17,1831.15,1835.695
2/16/17,1850.65,1825.8959
2/17/17,1851.95,1832.622
2/20/17,1890.75,1835.9844
2/21/17,1879.75,1837.2637
2/22/17,1880.0,1831.4794
2/23/17,1877.1,1829.3579
2/24/17,1875.0,1850.2959
2/27/17,1874.65,1851.8877
2/28/17,1874.3,1870.3912
3/1/17,1887.6,1832.6237
3/2/17,1915.4,1836.0424
3/3/17,1943.2,1857.7915
3/6/17,1831.15,1844.9521
3/7/17,1850.65,1834.7633
3/8/17,1851.95,1824.8312
3/9/17,1890.75,1831.5797
1/26/17,1879.75,1834.696
1/27/17,1880.0,1836.1213
1/30/17,1877.1,1830.2257
1/31/17,1875.0,1828.5919
2/1/17,1874.65,1849.0371
2/2/17,1874.3,1851.0758
2/3/17,1887.6,1869.2794
2/6/17,1915.4,1831.549
2/7/17,1943.2,1835.383
2/8/17,1940.35,1857.0475
2/9/17,1850.65,1847.4348
2/10/17,1851.95,1837.5061
2/13/17,1890.75,1827.381
2/14/17,1879.75,1834.6537
2/15/17,1880.0,1837.7782
2/16/17,1877.1,1839.6824
2/17/17,1875.0,1833.9318
2/20/17,1874.65,1831.4017
2/21/17,1874.3,1852.3215
2/22/17,1887.6,1853.492
2/23/17,1915.4,1872.681
2/24/17,1943.2,1834.162
2/27/17,1940.35,1837.8099
2/28/17,1931.95,1859.5588
3/1/17,1851.95,1849.8394
3/2/17,1890.75,1840.1174
3/3/17,1879.75,1829.8547
3/6/17,1880.0,1837.4211
3/7/17,1877.1,1840.2662
3/8/17,1875.0,1842.3674
3/9/17,1874.65,1836.8467
3/10/17,1874.3,1833.9893
1/27/17,1887.6,1855.1829
1/30/17,1915.4,1856.024
1/31/17,1943.2,1875.5792
2/1/17,1940.35,1836.6802
2/2/17,1931.95,1840.3579
2/3/17,1920.1,1862.293
2/6/17,1890.75,1853.2435
2/7/17,1879.75,1842.3235
2/8/17,1880.0,1832.6947
2/9/17,1877.1,1839.5087
2/10/17,1875.0,1843.2594
2/13/17,1874.65,1845.368
2/14/17,1874.3,1839.4713
2/15/17,1887.6,1835.9603
2/16/17,1915.4,1858.0814
2/17/17,1943.2,1859.2822
2/20/17,1940.35,1878.374
2/21/17,1931.95,1839.6804
2/22/17,1920.1,1842.509
2/23/17,1862.9,1864.9286
2/24/17,1879.75,1861.6299
2/27/17,1880.0,1849.9442
2/28/17,1877.1,1840.2184
3/1/17,1875.0,1847.0957
3/2/17,1874.65,1851.1613
3/3/17,1874.3,1853.5812
3/6/17,1887.6,1847.0553
3/7/17,1915.4,1843.8282
3/8/17,1943.2,1866.1827
3/9/17,1940.35,1867.4677
3/10/17,1931.95,1886.8853
3/13/17,1920.1,1847.359
1/30/17,1862.9,1850.5425
1/31/17,1847.25,1873.0837
2/1/17,1880.0,1871.4259
2/2/17,1877.1,1860.0731
2/3/17,1875.0,1850.2588
2/6/17,1874.65,1857.1829
2/7/17,1874.3,1861.524
2/8/17,1887.6,1863.8474
2/9/17,1915.4,1857.158
2/10/17,1943.2,1853.7675
2/13/17,1940.35,1876.7102
2/14/17,1931.95,1877.5979
2/15/17,1920.1,1897.8682
2/16/17,1862.9,1857.3485
2/17/17,1847.25,1860.3376
2/20/17,1841.25,1883.5929
2/21/17,1877.1,1876.9855
2/22/17,1875.0,1865.2928
2/23/17,1874.65,1855.534
2/24/17,1874.3,1862.4478
2/27/17,1887.6,1867.0295
2/28/17,1915.4,1869.3671
3/1/17,1943.2,1862.4054
3/2/17,1940.35,1859.013
3/3/17,1931.95,1882.3818
3/6/17,1920.1,1883.1754
3/7/17,1862.9,1903.6559
3/8/17,1847.25,1862.7258
3/9/17,1841.25,1865.7332
3/10/17,1858.85,1889.1111
3/13/17,1875.0,1880.8466
3/14/17,1874.65,1869.0305
1/31/17,1874.3,1859.2682
2/1/17,1887.6,1866.0139
2/2/17,1915.4,1870.5592
2/3/17,1943.2,1872.5944
2/6/17,1940.35,1865.409
2/7/17,1931.95,1862.751
2/8/17,1920.1,1885.9663
2/9/17,1862.9,1887.1915
2/10/17,1847.25,1907.4275
2/13/17,1841.25,1866.4329
2/14/17,1858.85,1869.7709
2/15/17,1841.75,1893.2799
2/16/17,1874.65,1884.144
2/17/17,1874.3,1872.1471
2/20/17,1887.6,1862.3987
2/21/17,1915.4,1869.1213
2/22/17,1943.2,1873.8472
2/23/17,1940.35,1875.8507
2/24/17,1931.95,1868.4435
2/27/17,1920.1,1865.9142
2/28/17,1862.9,1889.2964
3/1/17,1847.25,1890.4814
3/2/17,1841.25,1910.8411
3/3/17,1858.85,1869.6115
3/6/17,1841.75,1873.0259
3/7/17,1839.0,1896.5499
3/8/17,1874.3,1886.0502
3/9/17,1887.6,1874.6587
3/10/17,1915.4,1864.4889
3/13/17,1943.2,1871.7068
3/14/17,1940.35,1875.8771
3/15/17,1931.95,1877.9366
2/1/17,1920.1,1870.6752
2/2/17,1862.9,1868.5431
2/3/17,1847.25,1891.4923
2/6/17,1841.25,1892.5507
2/7/17,1858.85,1913.3783
2/8/17,1841.75,1871.6045
2/9/17,1839.0,1875.5597
2/10/17,1833.05,1899.125
2/13/17,1887.6,1887.0273
2/14/17,1915.4,1875.8126
2/15/17,1943.2,1865.685
2/16/17,1940.35,1872.8381
2/17/17,1931.95,1876.8594
2/20/17,1920.1,1878.7402
2/21/17,1862.9,1871.6445
2/22/17,1847.25,1869.5504
2/23/17,1841.25,1892.6089
2/24/17,1858.85,1893.7413
2/27/17,1841.75,1914.473
2/28/17,1839.0,1872.7737
3/1/17,1833.05,1876.6642
3/2/17,1834.7,1900.4513
3/3/17,1915.4,1888.397
3/6/17,1943.2,1876.7351
3/7/17,1940.35,1866.6256
3/8/17,1931.95,1873.8599
3/9/17,1920.1,1878.0131
3/10/17,1862.9,1880.2596
3/13/17,1847.25,1873.0255
3/14/17,1841.25,1870.5586
3/15/17,1858.85,1893.8131
3/16/17,1841.75,1894.9271
2/2/17,1839.0,1915.8107
2/3/17,1833.05,1873.7979
2/6/17,1834.7,1877.5969
2/7/17,1856.6,1901.4672
2/8/17,1943.2,1893.5496
2/9/17,1940.35,1882.1732
2/10/17,1931.95,1871.806
2/13/17,1920.1,1879.2963
2/14/17,1862.9,1883.1814
2/15/17,1847.25,1885.5468
2/16/17,1841.25,1878.3578
2/17/17,1858.85,1876.0002
2/20/17,1841.75,1899.3214
2/21/17,1839.0,1900.2777
2/22/17,1833.05,1921.6111
2/23/17,1834.7,1878.9684
2/24/17,1856.6,1883.0074
2/27/17,1862.1,1907.2273
2/28/17,1940.35,1901.1383
3/1/17,1931.95,1889.2025
3/2/17,1920.1,1879.097
3/3/17,1862.9,1886.406
3/6/17,1847.25,1890.9501
3/7/17,1841.25,1893.6222
3/8/17,1858.85,1886.2063
3/9/17,1841.75,1882.8337
3/10/17,1839.0,1907.2949
3/13/17,1833.05,1907.8854
3/14/17,1834.7,1929.7372
3/15/17,1856.6,1886.4133
3/16/17,1862.1,1889.7117
3/17/17,1852.7,1914.61
2/3/17,1931.95,1907.669
2/6/17,1920.1,1895.755
2/7/17,1862.9,1885.3768
2/8/17,1847.25,1892.7977
2/9/17,1841.25,1897.1385
2/10/17,1858.85,1899.9064
2/13/17,1841.75,1892.2782
2/14/17,1839.0,1889.4514
2/15/17,1833.05,1913.7188
2/16/17,1834.7,1914.5685
2/17/17,1856.6,1936.67
2/20/17,1862.1,1892.6547
2/21/17,1852.7,1896.3816
2/22/17,1856.85,1921.7096
2/23/17,1920.1,1916.2234
2/24/17,1862.9,1903.5907
2/27/17,1847.25,1893.5594
2/28/17,1841.25,1900.5631
3/1/17,1858.85,1905.5239
3/2/17,1841.75,1908.0618
3/3/17,1839.0,1899.9717
3/6/17,1833.05,1897.1388
3/7/17,1834.7,1922.2347
3/8/17,1856.6,1923.2611
3/9/17,1862.1,1945.2861
3/10/17,1852.7,1900.972
3/13/17,1856.85,1904.4113
3/14/17,1856.6,1930.149
3/15/17,1862.9,1921.0015
3/16/17,1847.25,1908.3821
3/17/17,1841.25,1898.0001
3/20/17,1858.85,1905.3579
2/6/17,1841.75,1910.0905
2/7/17,1839.0,1912.7618
2/8/17,1833.05,1904.3923
2/9/17,1834.7,1902.2095
2/10/17,1856.6,1926.9764
2/13/17,1862.1,1928.0212
2/14/17,1852.7,1950.3971
2/15/17,1856.85,1905.4246
2/16/17,1856.6,1909.5674
2/17/17,1843.0,1935.1925
2/20/17,1847.25,1921.8491
2/21/17,1841.25,1909.6058
2/22/17,1858.85,1899.24
2/23/17,1841.75,1906.6412
2/24/17,1839.0,1911.3213
2/27/17,1833.05,1913.6906
2/28/17,1834.7,1905.4434
3/1/17,1856.6,1903.3372
3/2/17,1862.1,1928.1904
3/3/17,1852.7,1929.0825
3/6/17,1856.85,1951.5789
3/7/17,1856.6,1906.6014
3/8/17,1843.0,1910.7338
3/9/17,1853.7,1936.3625
3/10/17,1841.25,1918.42
3/13/17,1858.85,1905.7319
3/14/17,1841.75,1895.4906
3/15/17,1839.0,1902.9314
3/16/17,1833.05,1907.6472
3/17/17,1834.7,1910.0299
3/20/17,1856.6,1901.7128
3/21/17,1862.1,1899.6708
2/7/17,1852.7,1924.5105
2/8/17,1856.85,1925.3853
2/9/17,1856.6,1947.5134
2/10/17,1843.0,1902.9873
2/13/17,1853.7,1907.3163
2/14/17,1863.8,1932.2704
2/15/17,1858.85,1915.4647
2/16/17,1841.75,1902.734
2/17/17,1839.0,1892.5421
2/20/17,1833.05,1899.9796
2/21/17,1834.7,1904.6755
2/22/17,1856.6,1907.0133
2/23/17,1862.1,1898.7544
2/24/17,1852.7,1896.7133
2/27/17,1856.85,1921.3953
2/28/17,1856.6,1922.3456
3/1/17,1843.0,1944.2947
3/2/17,1853.7,1900.0171
3/3/17,1863.8,1904.3682
3/6/17,1862.95,1929.0991
3/7/17,1841.75,1914.5361
3/8/17,1839.0,1901.5989
3/9/17,1833.05,1891.4944
3/10/17,1834.7,1898.935
3/13/17,1856.6,1903.7765
3/14/17,1862.1,1906.2319
3/15/17,1852.7,1897.9595
3/16/17,1856.85,1895.5785
3/17/17,1856.6,1920.421
3/20/17,1843.0,1921.3009
3/21/17,1853.7,1943.2827
3/22/17,1863.8,1899.0104
2/8/17,1862.95,1903.167
2/9/17,1833.1,1927.8699
2/10/17,1839.0,1912.9346
2/13/17,1833.05,1899.9418
2/14/17,1834.7,1889.9603
2/15/17,1856.6,1897.3602
2/16/17,1862.1,1902.5399
2/17/17,1852.7,1905.2064
2/20/17,1856.85,1896.9801
2/21/17,1856.6,1893.8391
2/22/17,1843.0,1919.0171
2/23/17,1853.7,1919.5646
2/24/17,1863.8,1941.806
2/27/17,1862.95,1897.4897
2/28/17,1833.1,1901.1337
3/1/17,1835.45,1925.9286
3/2/17,1833.05,1911.3846
3/3/17,1834.7,1897.8312
3/6/17,1856.6,1888.201
3/7/17,1862.1,1895.3723
3/8/17,1852.7,1901.2009
3/9/17,1856.85,1903.9841
3/10/17,1856.6,1895.6255
3/13/17,1843.0,1891.6946
3/14/17,1853.7,1917.5623
3/15/17,1863.8,1917.7603
3/16/17,1862.95,1939.9506
3/17/17,1833.1,1895.8892
3/20/17,1835.45,1898.959
3/21/17,1785.9,1923.5192
3/22/17,1834.7,1908.7898
3/23/17,1856.6,1894.751
2/9/17,1862.1,1885.4689
2/10/17,1852.7,1892.1729
2/13/17,1856.85,1898.5503
2/14/17,1856.6,1901.1478
2/15/17,1843.0,1892.5336
2/16/17,1853.7,1888.5757
2/17/17,1863.8,1914.5743
2/20/17,1862.95,1914.9882
2/21/17,1833.1,1936.6919
2/22/17,1835.45,1893.1858
2/23/17,1785.9,1895.9331
2/24/17,1802.95,1920.2552
2/27/17,1856.6,1906.7438
2/28/17,1862.1,1892.3191
3/1/17,1852.7,1883.339
3/2/17,1856.85,1889.5988
3/3/17,1856.6,1896.5732
3/6/17,1843.0,1898.8394
3/7/17,1853.7,1889.926
3/8/17,1863.8,1886.1743
3/9/17,1862.95,1912.2616
3/10/17,1833.1,1912.7471
3/13/17,1835.45,1934.0267
3/14/17,1785.9,1891.0938
3/15/17,1802.95,1893.6816
3/16/17,1835.25,1917.5886
3/17/17,1862.1,1905.1823
3/20/17,1852.7,1891.0791
3/21/17,1856.85,1881.9504
3/22/17,1856.6,1888.2856
3/23/17,1843.0,1895.2168
3/24/17,1853.7,1897.2183
2/10/17,1863.8,1888.2329
2/13/17,1862.95,1885.044
2/14/17,1833.1,1910.6227
2/15/17,1835.45,1911.1586
2/16/17,1785.9,1932.4661
2/17/17,1802.95,1889.5757
2/20/17,1835.25,1892.5026
2/21/17,1839.6,1916.117
2/22/17,1852.7,1901.2089
2/23/17,1856.85,1888.1666
2/24/17,1856.6,1878.7305
2/27/17,1843.0,1885.0743
2/28/17,1853.7,1891.2446
3/1/17,1863.8,1892.6537
3/2/17,1862.95,1884.0187
3/3/17,1833.1,1882.0116
3/6/17,1835.45,1906.4554
3/7/17,1785.9,1907.5756
3/8/17,1802.95,1928.4939
3/9/17,1835.25,1886.0339
3/10/17,1839.6,1889.5126
3/13/17,1842.65,1913.1971
3/14/17,1856.85,1894.3386
3/15/17,1856.6,1881.7507
3/16/17,1843.0,1872.2708
3/17/17,1853.7,1878.6187
3/20/17,1863.8,1884.3954
3/21/17,1862.95,1885.7273
3/22/17,1833.1,1877.4244
3/23/17,1835.45,1875.5247
3/24/17,1785.9,1899.4196
3/27/17,1802.95,1900.7454
2/13/17,1835.25,1921.332
2/14/17,1839.6,1879.4696
2/15/17,1842.65,1882.9363
2/16/17,1840.1,1906.492
2/17/17,1856.6,1886.7836
2/20/17,1843.0,1875.3529
2/21/17,1853.7,1865.3254
2/22/17,1863.8,1872.3628
2/23/17,1862.95,1877.1107
2/24/17,1833.1,1878.6622
2/27/17,1835.45,1871.0132
2/28/17,1785.9,1869.2817
3/1/17,1802.95,1892.2906
3/2/17,1835.25,1893.247
3/3/17,1839.6,1914.0925
3/6/17,1842.65,1872.4004
3/7/17,1840.1,1876.4062
3/8/17,1816.35,1899.5415
3/9/17,1843.0,1880.195
3/10/17,1853.7,1869.1606
3/13/17,1863.8,1859.2861
3/14/17,1862.95,1866.335
3/15/17,1833.1,1870.9362
3/16/17,1835.45,1872.6232
3/17/17,1785.9,1865.5624
3/20/17,1802.95,1862.861
3/21/17,1835.25,1886.1206
3/22/17,1839.6,1886.6967
3/23/17,1842.65,1907.5117
3/24/17,1840.1,1866.3514
3/27/17,1816.35,1869.7039
3/28/17,1817.3,1892.8878
3/10/17,1853.7,1873.1572
3/13/17,1863.8,1861.9591
3/14/17,1862.95,1852.1221
3/15/17,1833.1,1859.0515
3/16/17,1835.45,1863.4012
3/17/17,1785.9,1865.2354
3/20/17,1802.95,1858.3556
3/21/17,1835.25,1855.736
3/22/17,1839.6,1878.5009
3/23/17,1842.65,1879.4508
3/24/17,1840.1,1899.6299
3/27/17,1816.35,1859.1841
3/28/17,1817.3,1862.5978
3/29/17,1794.25,1885.4983
3/30/17,1863.8,1872.6371
3/31/17,1862.95,1860.8619
4/3/17,1833.1,1851.3035
4/4/17,1835.45,1857.938
4/5/17,1785.9,1862.594
4/6/17,1802.95,1864.3944
4/7/17,1835.25,1857.3564
4/10/17,1839.6,1854.6224
4/11/17,1842.65,1877.6589
4/12/17,1840.1,1878.7975
4/13/17,1816.35,1898.5712
4/18/17,1817.3,1858.4727
4/19/17,1794.25,1861.6807
4/20/17,1780.7,1884.4802
4/21/17,1862.95,1873.483
4/24/17,1833.1,1862.0026
4/25/17,1835.45,1852.1069
4/26/17,1785.9,1859.0466
3/13/17,1802.95,1863.307
3/14/17,1835.25,1865.2382
3/15/17,1839.6,1858.2124
3/16/17,1842.65,1855.8995
3/17/17,1840.1,1878.4137
3/20/17,1816.35,1879.6748
3/21/17,1817.3,1899.678
3/22/17,1794.25,1859.1859
3/23/17,1780.7,1862.8624
3/24/17,1773.15,1885.7161
3/27/17,1833.1,1875.4425
3/28/17,1835.45,1864.2751
3/29/17,1785.9,1854.3397
3/30/17,1802.95,1861.3391
3/31/17,1835.25,1865.4907
4/3/17,1839.6,1867.3423
4/4/17,1842.65,1860.4655
4/5/17,1840.1,1858.0312
4/6/17,1816.35,1880.6945
4/7/17,1817.3,1881.8453
4/10/17,1794.25,1902.0741
4/11/17,1780.7,1861.3677
4/12/17,1773.15,1864.9314
4/13/17,1786.2,1888.0936
4/18/17,1835.45,1873.451
4/19/17,1785.9,1862.134
4/20/17,1802.95,1852.2667
4/21/17,1835.25,1859.3082
4/24/17,1839.6,1863.6432
4/25/17,1842.65,1865.7649
4/26/17,1840.1,1858.9274
4/27/17,1816.35,1855.9265
3/14/17,1817.3,1878.8138
3/15/17,1794.25,1879.6658
3/16/17,1780.7,1900.0281
3/17/17,1773.15,1859.3586
3/20/17,1786.2,1862.6536
3/21/17,1807.45,1885.6869
3/22/17,1785.9,1872.861
3/23/17,1802.95,1861.2471
3/24/17,1835.25,1851.5033
3/27/17,1839.6,1858.5316
3/28/17,1842.65,1862.982
3/29/17,1840.1,1865.1296
3/30/17,1816.35,1858.2493
3/31/17,1817.3,1855.0991
4/3/17,1794.25,1878.2205
4/4/17,1780.7,1878.9683
4/5/17,1773.15,1899.2024
4/6/17,1786.2,1858.703
4/7/17,1807.45,1861.9628
4/10/17,1799.65,1884.7357
4/11/17,1802.95,1868.8229
4/12/17,1835.25,1856.9064
4/13/17,1839.6,1847.4567
4/18/17,1842.65,1854.0637
4/19/17,1840.1,1858.8483
4/20/17,1816.35,1860.7721
4/21/17,1817.3,1853.8033
4/24/17,1794.25,1850.6997
4/25/17,1780.7,1873.725
4/26/17,1773.15,1874.813
4/27/17,1786.2,1894.4778
4/28/17,1807.45,1854.6213
3/15/17,1799.65,1857.6305
3/16/17,1788.0,1880.2184
3/17/17,1835.25,1867.2427
3/20/17,1839.6,1854.773
3/21/17,1842.65,1845.4794
3/22/17,1840.1,1852.0525
3/23/17,1816.35,1857.1284
3/24/17,1817.3,1859.0453
3/27/17,1794.25,1851.8131
3/28/17,1780.7,1848.786
3/29/17,1773.15,1871.9706
3/30/17,1786.2,1872.936
3/31/17,1807.45,1892.3435
4/3/17,1799.65,1852.8225
4/4/17,1788.0,1855.9717
4/5/17,1779.65,1877.8806
4/6/17,1839.6,1867.8508
4/7/17,1842.65,1855.845
4/10/17,1840.1,1846.3701
4/11/17,1816.35,1853.1072
4/12/17,1817.3,1857.9834
4/13/17,1794.25,1859.8436
4/18/17,1780.7,1852.7284
4/19/17,1773.15,1849.8085
4/20/17,1786.2,1872.7886
4/21/17,1807.45,1873.6938
4/24/17,1799.65,1893.3882
4/25/17,1788.0,1853.6067
4/26/17,1779.65,1856.8402
4/27/17,1742.85,1878.9418
4/28/17,1842.65,1867.337
5/2/17,1840.1,1855.667
3/16/17,1816.35,1846.1633
3/17/17,1817.3,1852.7742
3/20/17,1794.25,1857.522
3/21/17,1780.7,1859.2198
3/22/17,1773.15,1852.2382
3/23/17,1786.2,1849.4468
3/24/17,1807.45,1872.1964
3/27/17,1799.65,1873.371
3/28/17,1788.0,1892.9918
3/29/17,1779.65,1853.2526
3/30/17,1742.85,1856.3649
3/31/17,1734.15,1878.8496
4/3/17,1840.1,1866.683
4/4/17,1816.35,1854.8616
4/5/17,1817.3,1845.4044
4/6/17,1794.25,1851.9994
4/7/17,1780.7,1856.9019
4/10/17,1773.15,1858.7418
4/11/17,1786.2,1851.7142
4/12/17,1807.45,1848.6573
4/13/17,1799.65,1871.5183
4/18/17,1788.0,1872.6034
4/19/17,1779.65,1892.2825
4/20/17,1742.85,1852.5228
4/21/17,1734.15,1855.4858
4/24/17,1723.85,1877.9463
4/25/17,1816.35,1865.5803
4/26/17,1817.3,1854.0889
4/27/17,1794.25,1844.5151
4/28/17,1780.7,1851.2795
5/2/17,1773.15,1856.1062
5/3/17,1786.2,1858.0505
3/17/17,1807.45,1851.1741
3/20/17,1799.65,1847.8999
3/21/17,1788.0,1870.7789
3/22/17,1779.65,1871.5039
3/23/17,1742.85,1891.4528
3/24/17,1734.15,1851.623
3/27/17,1723.85,1854.5609
3/28/17,1711.4,1876.9332
3/29/17,1817.3,1861.8566
3/30/17,1794.25,1850.2764
3/31/17,1780.7,1840.9392
4/3/17,1773.15,1847.4512
4/4/17,1786.2,1852.4597
4/5/17,1807.45,1854.2747
4/6/17,1799.65,1847.4708
4/7/17,1788.0,1843.9879
4/10/17,1779.65,1866.926
4/11/17,1742.85,1867.7406
4/12/17,1734.15,1887.3435
4/13/17,1723.85,1848.0348
4/18/17,1711.4,1850.645
4/19/17,1712.1,1872.8971
4/20/17,1794.25,1858.0863
4/21/17,1780.7,1846.2694
4/24/17,1773.15,1837.0402
4/25/17,1786.2,1843.3219
4/26/17,1807.45,1848.3174
4/27/17,1799.65,1849.8835
4/28/17,1788.0,1842.985
5/2/17,1779.65,1840.1105
5/3/17,1742.85,1862.7191
5/4/17,1734.15,1863.8358
3/20/17,1723.85,1882.7499
3/21/17,1711.4,1844.192
3/22/17,1712.1,1847.0958
3/23/17,1696.25,1868.798
3/24/17,1780.7,1854.4326
3/27/17,1773.15,1842.7286
3/28/17,1786.2,1833.5326
3/29/17,1807.45,1839.7905
3/30/17,1799.65,1844.8352
3/31/17,1788.0,1846.3274
4/3/17,1779.65,1839.4656
4/4/17,1742.85,1836.5824
4/5/17,1734.15,1858.937
4/6/17,1723.85,1860.1064
4/7/17,1711.4,1878.924
4/10/17,1712.1,1840.6128
4/11/17,1696.25,1843.4507
4/12/17,1687.0499,1864.9628
4/13/17,1773.15,1848.4678
4/18/17,1786.2,1837.6444
4/19/17,1807.45,1828.0061
4/20/17,1799.65,1834.6272
4/21/17,1788.0,1838.621
4/24/17,1779.65,1839.7642
4/25/17,1742.85,1833.2777
4/26/17,1734.15,1831.6416
4/27/17,1723.85,1852.662
4/28/17,1711.4,1854.3566
5/2/17,1712.1,1872.7418
5/3/17,1696.25,1834.8604
5/4/17,1687.0499,1838.6487
5/5/17,1716.9,1859.7462
3/21/17,1786.2,1842.6218
3/22/17,1807.45,1831.6613
3/23/17,1799.65,1822.3591
3/24/17,1788.0,1828.7904
3/27/17,1779.65,1833.0808
3/28/17,1742.85,1834.2198
3/29/17,1734.15,1827.9594
3/30/17,1723.85,1825.5173
3/31/17,1711.4,1846.9143
4/3/17,1712.1,1848.3823
4/4/17,1696.25,1866.5192
4/5/17,1687.0499,1829.2634
4/6/17,1716.9,1832.4121
4/7/17,1716.2,1853.2992
4/10/17,1807.45,1836.333
4/11/17,1799.65,1825.8356
4/12/17,1788.0,1816.1603
4/13/17,1779.65,1823.2285
4/18/17,1742.85,1827.0939
4/19/17,1734.15,1828.867
4/20/17,1723.85,1822.9769
4/21/17,1711.4,1819.9277
4/24/17,1712.1,1840.9807
4/25/17,1696.25,1841.8329
4/26/17,1687.0499,1860.4722
4/27/17,1716.9,1823.0718
4/28/17,1716.2,1826.3463
5/2/17,1724.25,1846.8055
5/3/17,1799.65,1834.8752
5/4/17,1788.0,1824.3083
5/5/17,1779.65,1815.0155
5/8/17,1742.85,1821.6937
3/22/17,1734.15,1825.8313
3/23/17,1723.85,1827.459
3/24/17,1711.4,1821.8069
3/27/17,1712.1,1818.0454
3/28/17,1696.25,1839.6992
3/29/17,1687.0499,1840.5205
3/30/17,1716.9,1858.9067
3/31/17,1716.2,1821.9464
4/3/17,1724.25,1824.4363
4/4/17,1704.8,1845.2642
4/5/17,1788.0,1832.2307
4/6/17,1779.65,1820.7177
4/7/17,1742.85,1811.8286
4/10/17,1734.15,1817.913
4/11/17,1723.85,1822.7576
4/12/17,1711.4,1824.531
4/13/17,1712.1,1818.521
4/18/17,1696.25,1814.4552
4/19/17,1687.0499,1836.309
4/20/17,1716.9,1837.5
4/21/17,1716.2,1855.2922
4/24/17,1724.25,1818.8567
4/25/17,1704.8,1820.8674
4/26/17,1723.65,1841.6266
4/27/17,1779.65,1833.1394
4/28/17,1742.85,1821.5607
5/2/17,1734.15,1812.6132
5/3/17,1723.85,1818.7216
5/4/17,1711.4,1823.6844
5/5/17,1712.1,1825.358
5/8/17,1696.25,1819.1089
5/9/17,1687.0499,1815.4255
3/23/17,1716.9,1837.0929
3/24/17,1716.2,1838.3376
3/27/17,1724.25,1856.17
3/28/17,1704.8,1819.6235
3/29/17,1723.65,1821.8921
3/30/17,1735.0,1842.4331
3/31/17,1742.85,1831.616
4/3/17,1734.15,1820.4222
4/4/17,1723.85,1811.448
4/5/17,1711.4,1817.4983
4/6/17,1712.1,1822.315
4/7/17,1696.25,1823.5654
4/10/17,1687.0499,1817.3811
4/11/17,1716.9,1814.2595
4/12/17,1716.2,1835.6248
4/13/17,1724.25,1836.9792
4/18/17,1704.8,1854.5795
4/19/17,1723.65,1818.3737
4/20/17,1735.0,1820.8733
4/21/17,1729.65,1841.1898
4/24/17,1734.15,1824.4401
4/25/17,1723.85,1813.4153
4/26/17,1711.4,1804.5537
4/27/17,1712.1,1810.5142
4/28/17,1696.25,1815.4045
5/2/17,1687.0499,1816.5477
5/3/17,1716.9,1810.5137
5/4/17,1716.2,1807.267
5/5/17,1724.25,1828.3705
5/8/17,1704.8,1829.678
5/9/17,1723.65,1846.9685
5/10/17,1735.0,1811.4303
3/24/17,1729.65,1813.7631
3/27/17,1725.9,1833.6163
3/28/17,1723.85,1816.0211
3/29/17,1711.4,1805.4797
3/30/17,1712.1,1796.4584
3/31/17,1696.25,1802.6415
4/3/17,1687.0499,1806.9866
4/4/17,1716.9,1807.9452
4/5/17,1716.2,1802.2328
4/6/17,1724.25,1799.493
4/7/17,1704.8,1819.8286
4/10/17,1723.65,1821.2262
4/11/17,1735.0,1838.0569
4/12/17,1729.65,1803.2726
4/13/17,1725.9,1806.0651
4/18/17,1735.2,1825.1753
4/19/17,1711.4,1807.4089
4/20/17,1712.1,1797.0309
4/21/17,1696.25,1788.2095
4/24/17,1687.0499,1794.1699
4/25/17,1716.9,1798.4396
4/26/17,1716.2,1799.1663
4/27/17,1724.25,1793.7578
4/28/17,1704.8,1790.9258
5/2/17,1723.65,1810.9364
5/3/17,1735.0,1812.6064
5/4/17,1729.65,1828.784
5/5/17,1725.9,1794.941
5/8/17,1735.2,1797.4609
5/9/17,1736.15,1816.2864
5/10/17,1712.1,1797.9115
5/11/17,1696.25,1787.8212
3/27/17,1687.0499,1778.8671
3/28/17,1716.9,1784.9929
3/29/17,1716.2,1788.8802
3/30/17,1724.25,1789.7085
3/31/17,1704.8,1784.5817
4/3/17,1723.65,1781.8442
4/4/17,1735.0,1801.0879
4/5/17,1729.65,1802.9525
4/6/17,1725.9,1818.7299
4/7/17,1735.2,1785.5071
4/10/17,1736.15,1788.201
4/11/17,1726.2,1806.5149
4/12/17,1696.25,1790.9352
4/13/17,1687.0499,1781.0822
4/18/17,1716.9,1772.2389
4/19/17,1716.2,1778.4028
4/20/17,1724.25,1782.2847
4/21/17,1704.8,1783.1624
4/24/17,1723.65,1778.378
4/25/17,1735.0,1775.0319
4/26/17,1729.65,1794.3419
4/27/17,1725.9,1795.9088
4/28/17,1735.2,1811.5541
5/2/17,1736.15,1778.8849
5/3/17,1726.2,1781.1942
5/4/17,1730.5,1799.1982
5/5/17,1687.0499,1782.0118
5/8/17,1716.9,1772.1473
5/9/17,1716.2,1763.496
5/10/17,1724.25,1769.5538
5/11/17,1704.8,1773.6594
5/12/17,1723.65,1774.7496
3/28/17,1735.0,1770.2166
3/29/17,1729.65,1766.0577
3/30/17,1725.9,1785.4042
3/31/17,1735.2,1786.7513
4/3/17,1736.15,1802.1368
4/4/17,1726.2,1770.1548
4/5/17,1730.5,1771.9022
4/6/17,1737.3,1789.5426
4/7/17,1716.9,1774.1454
4/10/17,1716.2,1763.9921
4/11/17,1724.25,1755.6703
4/12/17,1704.8,1761.3536
4/13/17,1723.65,1765.7314
4/18/17,1735.0,1766.6663
4/19/17,1729.65,1762.1685
4/20/17,1725.9,1757.8715
4/21/17,1735.2,1777.1193
4/24/17,1736.15,1778.7175
4/25/17,1726.2,1793.3293
4/26/17,1730.5,1762.3518
4/27/17,1737.3,1763.7716
4/28/17,1731.7999,1780.9277
5/2/17,1716.2,1769.8992
5/3/17,1724.25,1759.2783
5/4/17,1704.8,1751.2573
5/5/17,1723.65,1756.5271
5/8/17,1735.0,1761.3306
5/9/17,1729.65,1762.0541
5/10/17,1725.9,1757.3706
5/11/17,1735.2,1753.1815
5/12/17,1736.15,1772.4255
5/15/17,1726.2,1774.2606
3/29/17,1730.5,1788.228
3/30/17,1737.3,1758.0023
3/31/17,1731.7999,1759.234
4/3/17,1705.95,1775.9751
4/4/17,1724.25,1765.964
4/5/17,1704.8,1755.922
4/6/17,1723.65,1747.7064
4/7/17,1735.0,1753.0265
4/10/17,1729.65,1757.6904
4/11/17,1725.9,1758.2769
4/12/17,1735.2,1753.7004
4/13/17,1736.15,1749.8275
4/18/17,1726.2,1768.4066
4/19/17,1730.5,1770.3783
4/20/17,1737.3,1784.3605
4/21/17,1731.7999,1754.2357
4/24/17,1705.95,1755.5886
4/25/17,1683.95,1772.2704
4/26/17,1704.8,1761.4963
4/27/17,1723.65,1752.2194
4/28/17,1735.0,1743.81
5/2/17,1729.65,1749.1978
5/3/17,1725.9,1753.3054
5/4/17,1735.2,1753.4812
5/5/17,1736.15,1749.226
5/8/17,1726.2,1746.0726
5/9/17,1730.5,1763.91
5/10/17,1737.3,1766.1912
5/11/17,1731.7999,1779.8119
5/12/17,1705.95,1750.1537
5/15/17,1683.95,1751.883
5/16/17,1691.0499,1768.4025
4/27/17,1723.65,1753.3112
4/28/17,1735.0,1744.431
5/2/17,1729.65,1736.0597
5/3/17,1725.9,1741.3652
5/4/17,1735.2,1745.281
5/5/17,1736.15,1745.3837
5/8/17,1726.2,1741.4696
5/9/17,1730.5,1738.1995
5/10/17,1737.3,1755.6256
5/11/17,1731.7999,1758.0453
5/12/17,1705.95,1771.2236
5/15/17,1683.95,1742.3108
5/16/17,1691.0499,1743.8411
5/17/17,1726.05,1760.1371
5/18/17,1735.0,1746.4176
5/19/17,1729.65,1738.181
5/22/17,1725.9,1729.4843
5/23/17,1735.2,1735.2142
5/24/17,1736.15,1738.4088
5/25/17,1726.2,1738.6223
5/26/17,1730.5,1735.1268
5/30/17,1737.3,1732.0922
5/31/17,1731.7999,1748.8135
6/1/17,1705.95,1751.1951
6/2/17,1683.95,1764.2279
6/5/17,1691.0499,1735.6785
6/6/17,1726.05,1737.6251
6/7/17,1744.65,1753.4626
6/8/17,1729.65,1741.4875
6/9/17,1725.9,1733.7711
6/12/17,1735.2,1725.0819
6/13/17,1736.15,1730.7543
4/28/17,1726.2,1733.6047
5/2/17,1730.5,1733.7177
5/3/17,1737.3,1730.6757
5/4/17,1731.7999,1727.4873
5/5/17,1705.95,1743.9854
5/8/17,1683.95,1746.4747
5/9/17,1691.0499,1759.2242
5/10/17,1726.05,1731.1758
5/11/17,1744.65,1732.8898
5/12/17,1738.05,1748.8729
5/15/17,1725.9,1737.0854
5/16/17,1735.2,1729.3744
5/17/17,1736.15,1720.6556
5/18/17,1726.2,1726.3438
5/19/17,1730.5,1729.0477
5/22/17,1737.3,1729.3916
5/23/17,1731.7999,1726.5172
5/24/17,1705.95,1723.1238
5/25/17,1683.95,1739.3861
5/26/17,1691.0499,1741.9701
5/30/17,1726.05,1754.4994
5/31/17,1744.65,1726.7473
6/1/17,1738.05,1728.3818
6/2/17,1755.5,1744.28
6/5/17,1735.2,1735.3823
6/6/17,1736.15,1727.9098
6/7/17,1726.2,1719.0312
6/8/17,1730.5,1724.8705
6/9/17,1737.3,1727.1323
6/12/17,1731.7999,1727.4509
6/13/17,1705.95,1724.7418
6/14/17,1683.95,1721.6917
5/2/17,1691.0499,1737.513
5/3/17,1726.05,1740.3696
5/4/17,1744.65,1752.7247
5/5/17,1738.05,1725.0527
5/8/17,1755.5,1726.986
5/9/17,1741.2,1742.8666
5/10/17,1736.15,1735.2583
5/11/17,1726.2,1727.7439
5/12/17,1730.5,1718.8866
5/15/17,1737.3,1724.6791
5/16/17,1731.7999,1726.8336
5/17/17,1705.95,1727.1213
5/18/17,1683.95,1724.4703
5/19/17,1691.0499,1721.4983
5/22/17,1726.05,1737.3098
5/23/17,1744.65,1740.2914
5/24/17,1738.05,1752.4727
5/25/17,1755.5,1724.9211
5/26/17,1741.2,1726.8899
5/30/17,1732.85,1742.8093
5/31/17,1726.2,1735.854
6/1/17,1730.5,1728.373
6/2/17,1737.3,1719.4045
6/5/17,1731.7999,1725.461
6/6/17,1705.95,1727.64
6/7/17,1683.95,1728.3323
6/8/17,1691.0499,1725.7418
6/9/17,1726.05,1722.1871
6/12/17,1744.65,1738.1941
6/13/17,1738.05,1740.7606
6/14/17,1755.5,1753.4562
6/15/17,1741.2,1725.4741
5/3/17,1732.85,1727.2981
5/4/17,1747.95,1743.2983
5/5/17,1730.5,1736.4094
5/8/17,1737.3,1729.2155
5/9/17,1731.7999,1720.1554
5/10/17,1705.95,1726.3326
5/11/17,1683.95,1728.3027
5/12/17,1691.0499,1729.0156
5/15/17,1726.05,1726.6102
5/16/17,1744.65,1722.9883
5/17/17,1738.05,1739.0453
5/18/17,1755.5,1741.4305
5/19/17,1741.2,1754.2798
5/22/17,1732.85,1726.2172
5/23/17,1747.95,1728.072
5/24/17,1735.55,1744.1638
5/25/17,1737.3,1738.0898
5/26/17,1731.7999,1729.9908
5/30/17,1705.95,1721.3729
5/31/17,1683.95,1727.1099
6/1/17,1691.0499,1729.6786
6/2/17,1726.05,1730.3994
6/5/17,1744.65,1727.704
6/6/17,1738.05,1723.6815
6/7/17,1755.5,1740.3756
6/8/17,1741.2,1742.9329
6/9/17,1732.85,1755.4377
6/12/17,1747.95,1727.5892
6/13/17,1735.55,1728.9744
6/14/17,1757.2,1745.1522
6/15/17,1731.7999,1740.793
6/16/17,1705.95,1732.6333
5/4/17,1683.95,1723.7736
5/5/17,1691.0499,1729.6145
5/8/17,1726.05,1731.95
5/9/17,1744.65,1732.6644
5/10/17,1738.05,1729.7323
5/11/17,1755.5,1726.5071
5/12/17,1741.2,1742.6901
5/15/17,1732.85,1745.6189
5/16/17,1747.95,1758.0996
5/17/17,1735.55,1729.9454
5/18/17,1757.2,1731.9417
5/19/17,1774.45,1748.1128
5/22/17,1705.95,1745.0333
5/23/17,1683.95,1736.8795
5/24/17,1691.0499,1728.1166
5/25/17,1726.05,1733.9315
5/26/17,1744.65,1736.5834
5/30/17,1738.05,1737.2555
5/31/17,1755.5,1734.2463
6/1/17,1741.2,1730.634
6/2/17,1732.85,1747.3676
6/5/17,1747.95,1749.9178
6/6/17,1735.55,1762.8615
6/7/17,1757.2,1734.3142
6/8/17,1774.45,1736.0045
6/9/17,1774.5,1752.444
6/12/17,1683.95,1743.9193
6/13/17,1691.0499,1736.034
6/14/17,1726.05,1727.0671
6/15/17,1744.65,1733.1897
6/16/17,1738.05,1735.6511
6/19/17,1755.5,1736.5114
5/5/17,1741.2,1733.5992
5/8/17,1732.85,1729.9113
5/9/17,1747.95,1746.4742
5/10/17,1735.55,1748.7507
5/11/17,1757.2,1761.9916
5/12/17,1774.45,1733.2522
5/15/17,1774.5,1735.1211
5/16/17,1777.85,1751.3773
5/17/17,1691.0499,1741.7397
5/18/17,1726.05,1733.5082
5/19/17,1744.65,1724.8975
5/22/17,1738.05,1730.6852
5/23/17,1755.5,1733.4353
5/24/17,1741.2,1734.0317
5/25/17,1732.85,1731.1041
5/26/17,1747.95,1727.2769
5/30/17,1735.55,1744.1376
5/31/17,1757.2,1746.5653
6/1/17,1774.45,1759.2957
6/2/17,1774.5,1731.1436
6/5/17,1777.85,1732.701
6/6/17,1798.2,1748.7745
6/7/17,1726.05,1739.2838
6/8/17,1744.65,1730.4653
6/9/17,1738.05,1722.0186
6/12/17,1755.5,1727.6198
6/13/17,1741.2,1730.6365
6/14/17,1732.85,1731.2539
6/15/17,1747.95,1728.0701
6/16/17,1735.55,1724.3922
6/19/17,1757.2,1741.1781
6/20/17,1774.45,1743.8483
5/8/17,1774.5,1756.115
5/9/17,1777.85,1728.3599
5/10/17,1798.2,1729.9884
5/11/17,1787.75,1745.6276
5/12/17,1744.65,1741.5059
5/15/17,1738.05,1732.891
5/16/17,1755.5,1724.3319
5/17/17,1741.2,1730.0795
5/18/17,1732.85,1733.1072
5/19/17,1747.95,1733.7587
5/22/17,1735.55,1730.5585
5/23/17,1757.2,1726.8213
5/24/17,1774.45,1743.7064
5/25/17,1774.5,1746.105
5/26/17,1777.85,1758.7694
5/30/17,1798.2,1730.6655
5/31/17,1787.75,1732.3229
6/1/17,1781.8,1748.06
6/2/17,1738.05,1743.6626
6/5/17,1755.5,1735.4556
6/6/17,1741.2,1726.765
6/7/17,1732.85,1732.5778
6/8/17,1747.95,1735.467
6/9/17,1735.55,1736.1138
6/12/17,1757.2,1733.0359
6/13/17,1774.45,1729.2434
6/14/17,1774.5,1746.0897
6/15/17,1777.85,1748.4484
6/16/17,1798.2,1761.4551
6/19/17,1787.75,1732.9884
6/20/17,1781.8,1734.5543
6/21/17,1773.35,1750.7635
5/9/17,1755.5,1744.3689
5/10/17,1741.2,1736.1313
5/11/17,1732.85,1727.4829
5/12/17,1747.95,1733.1322
5/15/17,1735.55,1736.044
5/16/17,1757.2,1736.6091
5/17/17,1774.45,1733.5029
5/18/17,1774.5,1729.8256
5/19/17,1777.85,1746.6135
5/22/17,1798.2,1749.2292
5/23/17,1787.75,1762.1012
5/24/17,1781.8,1733.6521
5/25/17,1773.35,1735.1497
5/26/17,1784.15,1751.6047
5/30/17,1741.2,1746.4764
5/31/17,1732.85,1738.0477
6/1/17,1747.95,1729.3798
6/2/17,1735.55,1735.0698
6/5/17,1757.2,1738.0629
6/6/17,1774.45,1738.7211
6/7/17,1774.5,1735.4746
6/8/17,1777.85,1731.8118
6/9/17,1798.2,1748.7388
6/12/17,1787.75,1751.2644
6/13/17,1781.8,1764.2587
6/14/17,1773.35,1735.6127
6/15/17,1784.15,1737.1973
6/16/17,1772.2,1753.6206
6/19/17,1732.85,1746.8657
6/20/17,1747.95,1738.8698
6/21/17,1735.55,1730.0557
6/22/17,1757.2,1735.8938
5/10/17,1774.45,1738.7664
5/11/17,1774.5,1739.4742
5/12/17,1777.85,1736.3625
5/15/17,1798.2,1732.602
5/16/17,1787.75,1749.4856
5/17/17,1781.8,1751.7473
5/18/17,1773.35,1765.082
5/19/17,1784.15,1736.2278
5/22/17,1772.2,1737.8011
5/23/17,1762.65,1754.3368
5/24/17,1747.95,1745.9702
5/25/17,1735.55,1737.9082
5/26/17,1757.2,1729.2021
5/30/17,1774.45,1734.9506
5/31/17,1774.5,1737.8477
6/1/17,1777.85,1738.4496
6/2/17,1798.2,1735.376
6/5/17,1787.75,1731.6259
6/6/17,1781.8,1748.6199
6/7/17,1773.35,1750.8583
6/8/17,1784.15,1763.9901
6/9/17,1772.2,1735.4268
6/12/17,1762.65,1736.9562
6/13/17,1767.65,1753.3427
6/14/17,1735.55,1746.2704
6/15/17,1757.2,1738.0432
6/16/17,1774.45,1729.3184
6/19/17,1774.5,1734.9717
6/20/17,1777.85,1737.6926
6/21/17,1798.2,1738.135
6/22/17,1787.75,1734.9608
6/23/17,1781.8,1731.8247
5/11/17,1773.35,1748.4989
5/12/17,1784.15,1751.1862
5/15/17,1772.2,1763.9192
5/16/17,1762.65,1735.5378
5/17/17,1767.65,1737.4138
5/18/17,1797.75,1753.7333
5/19/17,1757.2,1746.7684
5/22/17,1774.45,1738.8881
5/23/17,1774.5,1729.9297
5/24/17,1777.85,1735.6886
5/25/17,1798.2,1737.9983
5/26/17,1787.75,1738.2999
5/30/17,1781.8,1735.1713
5/31/17,1773.35,1732.6785
6/1/17,1784.15,1748.7433
6/2/17,1772.2,1751.8585
6/5/17,1762.65,1764.5327
6/6/17,1767.65,1735.9902
6/7/17,1797.75,1738.2728
6/8/17,1782.25,1754.7838
6/9/17,1774.45,1748.9762
6/12/17,1774.5,1741.4614
6/13/17,1777.85,1732.1973
6/14/17,1798.2,1738.4236
6/15/17,1787.75,1740.2983
6/16/17,1781.8,1740.7725
6/19/17,1773.35,1737.8081
6/20/17,1784.15,1735.348
6/21/17,1772.2,1751.3242
6/22/17,1762.65,1754.1451
6/23/17,1767.65,1767.3126
6/26/17,1797.75,1738.2535
5/12/17,1782.25,1740.8802
5/15/17,1813.15,1757.4333
5/16/17,1774.5,1751.3995
5/17/17,1777.85,1744.2676
5/18/17,1798.2,1734.8473
5/19/17,1787.75,1741.4111
5/22/17,1781.8,1743.1761
5/23/17,1773.35,1744.076
5/24/17,1784.15,1741.4153
5/25/17,1772.2,1738.0558
5/26/17,1762.65,1754.5066
5/30/17,1767.65,1756.6384
5/31/17,1797.75,1770.6125
6/1/17,1782.25,1740.9185
6/2/17,1813.15,1743.2155
6/5/17,1836.5499,1760.1852
6/6/17,1777.85,1753.9478
6/7/17,1798.2,1746.4512
6/8/17,1787.75,1737.1819
6/9/17,1781.8,1743.6327
6/12/17,1773.35,1745.612
6/13/17,1784.15,1746.7994
6/14/17,1772.2,1744.1305
6/15/17,1762.65,1740.1177
6/16/17,1767.65,1757.0981
6/19/17,1797.75,1759.1387
6/20/17,1782.25,1773.2716
6/21/17,1813.15,1743.3323
6/22/17,1836.5499,1745.1895
6/23/17,1840.45,1762.5868
6/26/17,1798.2,1759.3136
6/27/17,1787.75,1750.8491
5/15/17,1781.8,1741.9076
5/16/17,1773.35,1747.8976
5/17/17,1784.15,1750.4117
5/18/17,1772.2,1751.5693
5/19/17,1762.65,1748.4313
5/22/17,1767.65,1744.5028
5/23/17,1797.75,1762.0104
5/24/17,1782.25,1764.3569
5/25/17,1813.15,1778.1826
5/26/17,1836.5499,1748.2249
5/30/17,1840.45,1749.9335
5/31/17,1829.1,1767.5271
6/1/17,1787.75,1768.253
6/2/17,1781.8,1759.1636
6/5/17,1773.35,1750.2689
6/6/17,1784.15,1756.2084
6/7/17,1772.2,1759.234
6/8/17,1762.65,1760.5396
6/9/17,1767.65,1756.8541
6/12/17,1797.75,1752.921
6/13/17,1782.25,1770.9963
6/14/17,1813.15,1773.1432
6/15/17,1836.5499,1787.4639
6/16/17,1840.45,1756.7251
6/19/17,1829.1,1758.4839
6/20/17,1830.7,1776.2906
6/21/17,1781.8,1775.295
6/22/17,1773.35,1766.7775
6/23/17,1784.15,1757.4973
6/26/17,1772.2,1763.7261
6/27/17,1762.65,1766.3492
6/28/17,1767.65,1767.4777
5/16/17,1797.75,1763.7198
5/17/17,1782.25,1760.5461
5/18/17,1813.15,1778.2792
5/19/17,1836.5499,1780.4974
5/22/17,1840.45,1795.3729
5/23/17,1829.1,1763.8027
5/24/17,1830.7,1766.1301
5/25/17,1821.8,1784.3638
5/26/17,1773.35,1779.9733
5/30/17,1784.15,1771.2369
5/31/17,1772.2,1762.1073
6/1/17,1762.65,1768.1581
6/2/17,1767.65,1770.9569
6/5/17,1797.75,1771.8452
6/6/17,1782.25,1767.935
6/7/17,1813.15,1764.9175
6/8/17,1836.5499,1783.0463
6/9/17,1840.45,1785.2916
6/12/17,1829.1,1800.1426
6/13/17,1830.7,1768.4756
6/14/17,1821.8,1770.7723
6/15/17,1838.1,1789.1809
6/16/17,1784.15,1781.883
6/19/17,1772.2,1773.1056
6/20/17,1762.65,1763.7717
6/21/17,1767.65,1770.1384
6/22/17,1797.75,1772.8405
6/23/17,1782.25,1774.0106
6/26/17,1813.15,1770.0018
6/27/17,1836.5499,1766.9664
6/28/17,1840.45,1785.0177
6/29/17,1829.1,1787.0813
5/17/17,1830.7,1802.3295
5/18/17,1821.8,1770.1661
5/19/17,1838.1,1772.7277
5/22/17,1853.7,1791.0667
5/23/17,1772.2,1784.987
5/24/17,1762.65,1776.5674
5/25/17,1767.65,1767.0529
5/26/17,1797.75,1773.616
5/30/17,1782.25,1775.9247
5/31/17,1813.15,1776.9535
6/1/17,1836.5499,1773.079
6/2/17,1840.45,1770.3945
6/5/17,1829.1,1788.3475
6/6/17,1830.7,1790.4352
6/7/17,1821.8,1805.8513
6/8/17,1838.1,1773.3969
6/9/17,1853.7,1776.2723
6/12/17,1866.75,1794.8069
6/13/17,1762.65,1786.4545
6/14/17,1767.65,1777.5226
6/15/17,1797.75,1768.2812
6/16/17,1782.25,1774.608
6/19/17,1813.15,1777.4111
6/20/17,1836.5499,1778.6204
6/21/17,1840.45,1774.6101
6/22/17,1829.1,1771.2618
6/23/17,1830.7,1789.8066
6/26/17,1821.8,1791.7607
6/27/17,1838.1,1807.2361
6/28/17,1853.7,1774.7233
6/29/17,1866.75,1777.0757
6/30/17,1888.45,1795.8118
6/14/17,1767.65,1787.9255
6/15/17,1797.75,1778.8738
6/16/17,1782.25,1769.4907
6/19/17,1813.15,1776.0842
6/20/17,1836.5499,1778.8856
6/21/17,1840.45,1780.3859
6/22/17,1829.1,1776.2756
6/23/17,1830.7,1772.7898
6/26/17,1821.8,1791.4025
6/27/17,1838.1,1793.0745
6/28/17,1853.7,1808.9003
6/29/17,1866.75,1776.0045
6/30/17,1888.45,1778.5347
7/3/17,1878.2999,1797.1165
7/4/17,1797.75,1790.9937
7/5/17,1782.25,1781.5577
7/6/17,1813.15,1772.4464
7/7/17,1836.5499,1778.7683
7/10/17,1840.45,1781.8977
7/11/17,1829.1,1783.1997
7/12/17,1830.7,1778.9437
7/13/17,1821.8,1775.3412
7/14/17,1838.1,1794.4344
7/17/17,1853.7,1796.2036
7/18/17,1866.75,1811.8954
7/19/17,1888.45,1779.0208
7/20/17,1878.2999,1781.2886
7/21/17,1875.9,1800.0576
7/24/17,1782.25,1794.9463
7/25/17,1813.15,1784.937
7/26/17,1836.5499,1775.927
7/27/17,1840.45,1782.0735
6/15/17,1829.1,1785.563
6/16/17,1830.7,1786.962
6/19/17,1821.8,1782.3365
6/20/17,1838.1,1778.7883
6/21/17,1853.7,1798.1522
6/22/17,1866.75,1800.0085
6/23/17,1888.45,1815.7078
6/26/17,1878.2999,1782.6058
6/27/17,1875.9,1784.87
6/28/17,1880.1499,1803.7244
6/29/17,1813.15,1799.0686
6/30/17,1836.5499,1789.2706
7/3/17,1840.45,1780.161
7/4/17,1829.1,1786.4103
7/5/17,1830.7,1790.0894
7/6/17,1821.8,1791.5854
7/7/17,1838.1,1786.8641
7/10/17,1853.7,1783.0667
7/11/17,1866.75,1802.6484
7/12/17,1888.45,1804.1885
7/13/17,1878.2999,1820.5209
7/14/17,1875.9,1786.787
7/17/17,1880.1499,1788.8998
7/18/17,1887.0,1808.1083
7/19/17,1836.5499,1803.642
7/20/17,1840.45,1793.8306
7/21/17,1829.1,1784.6659
7/24/17,1830.7,1790.9713
7/25/17,1821.8,1794.5596
7/26/17,1838.1,1795.9069
7/27/17,1853.7,1791.088
7/28/17,1866.75,1787.6372
6/16/17,1888.45,1807.3793
6/19/17,1878.2999,1808.8944
6/20/17,1875.9,1825.3314
6/21/17,1880.1499,1791.3423
6/22/17,1887.0,1793.7123
6/23/17,1899.75,1813.0
6/26/17,1840.45,1808.2567
6/27/17,1829.1,1798.2405
6/28/17,1830.7,1789.1567
6/29/17,1821.8,1795.2147
6/30/17,1838.1,1799.0002
7/3/17,1853.7,1800.2683
7/4/17,1866.75,1795.25
7/5/17,1888.45,1791.9147
7/6/17,1878.2999,1811.8203
7/7/17,1875.9,1813.6195
7/10/17,1880.1499,1830.0782
7/11/17,1887.0,1795.7992
7/12/17,1899.75,1798.0376
7/13/17,1891.45,1817.8363
7/14/17,1829.1,1812.7421
7/17/17,1830.7,1803.1022
7/18/17,1821.8,1793.6586
7/19/17,1838.1,1799.977
7/20/17,1853.7,1803.4253
7/21/17,1866.75,1804.7566
7/24/17,1888.45,1799.6796
7/25/17,1878.2999,1796.8507
7/26/17,1875.9,1816.4279
7/27/17,1880.1499,1818.2505
7/28/17,1887.0,1835.1292
7/31/17,1899.75,1800.2179
6/19/17,1891.45,1802.9192
6/20/17,1899.95,1822.9965
6/21/17,1830.7,1816.7075
6/22/17,1821.8,1807.3262
6/23/17,1838.1,1797.8027
6/26/17,1853.7,1804.2908
6/27/17,1866.75,1807.6748
6/28/17,1888.45,1809.028
6/29/17,1878.2999,1804.0314
6/30/17,1875.9,1801.0006
7/3/17,1880.1499,1820.8956
7/4/17,1887.0,1822.3779
7/5/17,1899.75,1839.7258
7/6/17,1891.45,1804.3705
7/7/17,1899.95,1807.018
7/10/17,1899.35,1827.3657
7/11/17,1821.8,1818.2091
7/12/17,1838.1,1808.8951
7/13/17,1853.7,1799.213
7/14/17,1866.75,1805.8608
7/17/17,1888.45,1808.904
7/18/17,1878.2999,1810.2872
7/19/17,1875.9,1805.3336
7/20/17,1880.1499,1802.6456
7/21/17,1887.0,1822.363
7/24/17,1899.75,1823.9523
7/25/17,1891.45,1841.2806
7/26/17,1899.95,1805.7937
7/27/17,1899.35,1808.8025
7/28/17,1902.75,1829.1522
7/31/17,1838.1,1820.3417
8/1/17,1853.7,1810.8071
6/20/17,1866.75,1801.1967
6/21/17,1888.45,1807.7201
6/22/17,1878.2999,1810.747
6/23/17,1875.9,1812.0499
6/26/17,1880.1499,1807.007
6/27/17,1887.0,1804.5093
6/28/17,1899.75,1824.2404
6/29/17,1891.45,1826.1548
6/30/17,1899.95,1843.3097
7/3/17,1899.35,1807.7708
7/4/17,1902.75,1810.8143
7/5/17,1866.55,1831.3794
7/6/17,1853.7,1824.1886
7/7/17,1866.75,1814.622
7/10/17,1888.45,1804.7936
7/11/17,1878.2999,1811.6053
7/12/17,1875.9,1814.4572
7/13/17,1880.1499,1815.9744
7/14/17,1887.0,1810.8435
7/17/17,1899.75,1808.4916
7/18/17,1891.45,1828.2572
7/19/17,1899.95,1829.9655
7/20/17,1899.35,1847.4753
7/21/17,1902.75,1811.4435
7/24/17,1866.55,1814.855
7/25/17,1890.6,1835.4042
7/26/17,1866.75,1830.1422
7/27/17,1888.45,1820.7073
7/28/17,1878.2999,1810.7583
7/31/17,1875.9,1817.8484
8/1/17,1880.1499,1820.7052
8/2/17,1887.0,1822.5134
6/21/17,1899.75,1817.4349
6/22/17,1891.45,1814.4935
6/23/17,1899.95,1834.7631
6/26/17,1899.35,1836.0404
6/27/17,1902.75,1854.3345
6/28/17,1866.55,1817.423
6/29/17,1890.6,1820.635
6/30/17,1888.4,1841.7223
7/3/17,1888.45,1835.6343
7/4/17,1878.2999,1826.1458
7/5/17,1875.9,1816.0709
7/6/17,1880.1499,1823.1664
7/7/17,1887.0,1825.7728
7/10/17,1899.75,1827.5767
7/11/17,1891.45,1822.4375
7/12/17,1899.95,1819.888
7/13/17,1899.35,1840.11
7/14/17,1902.75,1841.7296
7/17/17,1866.55,1860.0603
7/18/17,1890.6,1822.7094
7/19/17,1888.4,1826.182
7/20/17,1893.15,1847.7649
7/21/17,1878.2999,1844.8251
7/24/17,1875.9,1834.3398
7/25/17,1880.1499,1824.597
7/26/17,1887.0,1831.4006
7/27/17,1899.75,1834.8145
7/28/17,1891.45,1836.8832
7/31/17,1899.95,1831.2517
8/1/17,1899.35,1827.998
8/2/17,1902.75,1849.3579
8/3/17,1866.55,1850.793
6/22/17,1890.6,1869.4712
6/23/17,1888.4,1831.4574
6/26/17,1893.15,1834.3843
6/27/17,1894.6,1856.4973
6/28/17,1875.9,1853.1333
6/29/17,1880.1499,1842.8477
6/30/17,1887.0,1832.7024
7/3/17,1899.75,1839.9595
7/4/17,1891.45,1843.2905
7/5/17,1899.95,1845.7437
7/6/17,1899.35,1839.9121
7/7/17,1902.75,1836.6539
7/10/17,1866.55,1858.1569
7/11/17,1890.6,1859.1553
7/12/17,1888.4,1878.8138
7/13/17,1893.15,1839.5721
7/14/17,1894.6,1842.8398
7/17/17,1888.65,1865.3046
7/18/17,1880.1499,1861.8994
7/19/17,1887.0,1851.1146
7/20/17,1899.75,1841.292
7/21/17,1891.45,1848.2462
7/24/17,1899.95,1852.0581
7/25/17,1899.35,1854.257
7/26/17,1902.75,1848.14
7/27/17,1866.55,1844.7207
7/28/17,1890.6,1867.172
7/31/17,1888.4,1868.1282
8/1/17,1893.15,1887.8855
8/2/17,1894.6,1848.2949
8/3/17,1888.65,1851.2312
8/4/17,1881.05,1874.1533
6/23/17,1887.0,1867.738
6/26/17,1899.75,1856.2289
6/27/17,1891.45,1846.4696
6/28/17,1899.95,1853.2174
6/29/17,1899.35,1857.3141
6/30/17,1902.75,1859.5013
7/3/17,1866.55,1852.857
7/4/17,1890.6,1849.9836
7/5/17,1888.4,1872.5267
7/6/17,1893.15,1873.859
7/7/17,1894.6,1893.4397
7/10/17,1888.65,1853.5791
7/11/17,1881.05,1856.8245
7/12/17,1865.6,1879.7913
7/13/17,1899.75,1875.8672
7/14/17,1891.45,1864.399
7/17/17,1899.95,1854.458
7/18/17,1899.35,1861.3811
7/19/17,1902.75,1865.4773
7/20/17,1866.55,1867.5944
7/21/17,1890.6,1860.6724
7/24/17,1888.4,1858.1965
7/25/17,1893.15,1880.8613
7/26/17,1894.6,1882.1699
7/27/17,1888.65,1902.2438
7/28/17,1881.05,1861.5571
7/31/17,1865.6,1865.1307
8/1/17,1865.1,1888.4167
8/2/17,1891.45,1882.2767
8/3/17,1899.95,1871.2554
8/4/17,1899.35,1860.9691
8/7/17,1902.75,1868.2272
6/26/17,1866.55,1871.8912
6/27/17,1890.6,1873.9431
6/28/17,1888.4,1867.0326
6/29/17,1893.15,1865.0692
6/30/17,1894.6,1887.5737
7/3/17,1888.65,1888.8901
7/4/17,1881.05,1909.4331
7/5/17,1865.6,1867.9923
7/6/17,1865.1,1872.0544
7/7/17,1860.75,1895.7153
7/10/17,1899.95,1886.5698
7/11/17,1899.35,1875.502
7/12/17,1902.75,1865.229
7/13/17,1866.55,1872.5359
7/14/17,1890.6,1876.312
7/17/17,1888.4,1878.4955
7/18/17,1893.15,1871.5709
7/19/17,1894.6,1869.2196
7/20/17,1888.65,1892.1538
7/21/17,1881.05,1893.2856
7/24/17,1865.6,1914.2007
7/25/17,1865.1,1872.2787
7/26/17,1860.75,1876.1198
7/27/17,1778.7001,1900.1827
7/28/17,1899.35,1890.7198
7/31/17,1902.75,1879.4644
8/1/17,1866.55,1869.0597
8/2/17,1890.6,1876.6188
8/3/17,1888.4,1880.336
8/4/17,1893.15,1882.8231
8/7/17,1894.6,1875.7997
8/8/17,1888.65,1873.2865
6/27/17,1881.05,1896.4463
6/28/17,1865.6,1897.4055
6/29/17,1865.1,1918.6929
6/30/17,1860.75,1876.1942
7/3/17,1778.7001,1880.1804
7/4/17,1773.1,1904.3691
7/5/17,1902.75,1895.9834
7/6/17,1866.55,1884.3652
7/7/17,1890.6,1874.1409
7/10/17,1888.4,1881.5284
7/11/17,1893.15,1885.6162
7/12/17,1894.6,1888.1497
7/13/17,1888.65,1880.9657
7/14/17,1881.05,1878.074
7/17/17,1865.6,1901.8988
7/18/17,1865.1,1902.7324
7/19/17,1860.75,1924.194
7/20/17,1778.7001,1881.3728
7/21/17,1773.1,1885.0293
7/24/17,1775.0499,1909.5848
7/25/17,1866.55,1901.4423
7/26/17,1890.6,1889.1428
7/27/17,1888.4,1879.067
7/28/17,1893.15,1886.3551
7/31/17,1894.6,1890.9481
8/1/17,1888.65,1893.7107
8/2/17,1881.05,1886.1376
8/3/17,1865.6,1882.9102
8/4/17,1865.1,1907.3453
8/7/17,1860.75,1908.0444
8/8/17,1778.7001,1929.7296
8/9/17,1773.1,1886.4594
6/28/17,1775.0499,1889.9287
6/29/17,1775.0499,1914.626
6/30/17,1890.6,1904.8494
7/3/17,1888.4,1892.4734
7/4/17,1893.15,1882.3967
7/5/17,1894.6,1889.586
7/6/17,1888.65,1894.276
7/7/17,1881.05,1896.8306
7/10/17,1865.6,1889.0415
7/11/17,1865.1,1886.2422
7/12/17,1860.75,1910.6334
7/13/17,1778.7001,1911.552
7/14/17,1773.1,1933.2137
7/17/17,1775.0499,1889.7532
7/18/17,1775.0499,1893.3967
7/19/17,1791.6,1918.2076
7/20/17,1888.4,1909.5631
7/21/17,1893.15,1896.5317
7/24/17,1894.6,1886.6655
7/25/17,1888.65,1893.681
7/26/17,1881.05,1898.7434
7/27/17,1865.6,1901.134
7/28/17,1865.1,1892.9435
7/31/17,1860.75,1890.3646
8/1/17,1778.7001,1915.2107
8/2/17,1773.1,1916.2278
8/3/17,1775.0499,1937.7205
8/4/17,1775.0499,1894.1849
8/7/17,1791.6,1897.9092
8/8/17,1784.85,1922.5854
8/9/17,1893.15,1912.0814
8/10/17,1894.6,1899.42
6/29/17,1888.65,1889.2734
6/30/17,1881.05,1896.5292
7/3/17,1865.6,1901.4232
7/4/17,1865.1,1903.8829
7/5/17,1860.75,1895.6626
7/6/17,1778.7001,1893.3043
7/7/17,1773.1,1917.865
7/10/17,1775.0499,1918.8444
7/11/17,1775.0499,1940.7777
7/12/17,1791.6,1896.6808
7/13/17,1784.85,1900.66
7/14/17,1786.65,1925.5505
7/17/17,1894.6,1914.623
7/18/17,1888.65,1902.1631
7/19/17,1881.05,1891.9977
7/20/17,1865.6,1899.341
7/21/17,1865.1,1904.2306
7/24/17,1860.75,1906.6376
7/25/17,1778.7001,1898.4875
7/26/17,1773.1,1895.9598
7/27/17,1775.0499,1920.8147
7/28/17,1775.0499,1921.5427
7/31/17,1791.6,1943.7523
8/1/17,1784.85,1899.4169
8/2/17,1786.65,1903.2963
8/3/17,1780.2999,1928.3567
8/4/17,1888.65,1915.2848
8/7/17,1881.05,1902.5751
8/8/17,1865.6,1892.5057
8/9/17,1865.1,1899.7894
8/10/17,1860.75,1904.8802
8/11/17,1778.7001,1907.432
6/30/17,1773.1,1899.219
7/3/17,1775.0499,1896.3524
7/4/17,1775.0499,1921.461
7/5/17,1791.6,1922.1261
7/6/17,1784.85,1944.398
7/7/17,1786.65,1899.9728
7/10/17,1780.2999,1903.6317
7/11/17,1755.45,1928.7856
7/12/17,1881.05,1915.9922
7/13/17,1865.6,1903.1782
7/14/17,1865.1,1893.1326
7/17/17,1860.75,1900.3243
7/18/17,1778.7001,1905.4403
7/19/17,1773.1,1907.9208
7/20/17,1775.0499,1899.6217
7/21/17,1775.0499,1896.9568
7/24/17,1791.6,1922.0132
7/25/17,1784.85,1922.8484
7/26/17,1786.65,1944.9852
7/27/17,1780.2999,1900.5977
7/28/17,1755.45,1904.3254
7/31/17,1763.15,1929.5074
8/1/17,1865.6,1916.7458
8/2/17,1865.1,1903.5948
8/3/17,1860.75,1893.7207
8/4/17,1778.7001,1900.7607
8/7/17,1773.1,1906.2112
8/8/17,1775.0499,1908.6764
8/9/17,1775.0499,1900.2
8/10/17,1791.6,1897.3674
8/11/17,1784.85,1922.6925
8/14/17,1786.65,1923.513
7/3/17,1780.2999,1945.5969
7/4/17,1755.45,1901.2446
7/5/17,1763.15,1904.783
7/6/17,1781.5,1929.9163
7/7/17,1865.1,1915.449
7/10/17,1860.75,1902.5168
7/11/17,1778.7001,1892.5383
7/12/17,1773.1,1899.6959
7/13/17,1775.0499,1905.0768
7/14/17,1775.0499,1907.5233
7/17/17,1791.6,1899.0833
7/18/17,1784.85,1896.384
7/19/17,1786.65,1921.5638
7/20/17,1780.2999,1922.1731
7/21/17,1755.45,1944.3446
7/24/17,1763.15,1900.0608
7/25/17,1781.5,1903.7759
7/26/17,1786.15,1928.6343
7/27/17,1860.75,1914.095
7/28/17,1778.7001,1901.0023
7/31/17,1773.1,1891.2133
8/1/17,1775.0499,1898.2396
8/2/17,1775.0499,1903.7972
8/3/17,1791.6,1906.1174
8/4/17,1784.85,1897.6713
8/7/17,1786.65,1894.8116
8/8/17,1780.2999,1920.1544
8/9/17,1755.45,1920.7924
8/10/17,1763.15,1942.7908
8/11/17,1781.5,1898.7549
8/14/17,1786.15,1902.2625
8/15/17,1791.35,1927.0211
7/28/17,1778.7001,1910.8368
7/31/17,1773.1,1897.9413
8/1/17,1775.0499,1888.0328
8/2/17,1775.0499,1894.991
8/3/17,1791.6,1900.1866
8/4/17,1784.85,1902.2543
8/7/17,1786.65,1893.8545
8/8/17,1780.2999,1891.8176
8/9/17,1755.45,1916.4192
8/10/17,1763.15,1917.5662
8/11/17,1781.5,1939.0734
8/14/17,1786.15,1895.4613
8/15/17,1791.35,1899.4258
8/16/17,1809.85,1923.9844
8/17/17,1773.1,1903.9103
8/18/17,1775.0499,1890.9922
8/21/17,1775.0499,1881.3542
7/31/17,1791.6,1888.1508
8/1/17,1784.85,1893.7649
8/2/17,1786.65,1895.8273
8/3/17,1780.2999,1887.5409
8/4/17,1755.45,1884.8175
8/7/17,1763.15,1909.5171
8/8/17,1781.5,1910.3958
8/9/17,1786.15,1931.8126
8/10/17,1791.35,1888.745
8/11/17,1809.85,1892.1549
8/14/17,1804.65,1916.3534
8/15/17,1775.0499,1894.7065
8/16/17,1775.0499,1881.9663
8/17/17,1791.6,1872.1714
8/18/17,1784.85,1879.4315
8/21/17,1786.65,1884.5887
8/22/17,1780.2999,1886.7046
8/1/17,1755.45,1878.6721
8/2/17,1763.15,1876.1709
8/3/17,1781.5,1900.3419
8/4/17,1786.15,1900.8707
8/7/17,1791.35,1922.0151
8/8/17,1809.85,1879.6531
8/9/17,1804.65,1883.6528
8/10/17,1807.7,1906.5825
8/11/17,1775.0499,1886.3569
8/14/17,1791.6,1873.3469
8/15/17,1784.85,1864.1509
8/16/17,1786.65,1870.8242
8/17/17,1780.2999,1876.5262
8/18/17,1755.45,1878.382
8/21/17,1763.15,1870.5293
8/22/17,1781.5,1867.2703
8/23/17,1786.15,1891.8262
8/2/17,1791.35,1892.3801
8/3/17,1809.85,1912.8411
8/4/17,1804.65,1871.6498
8/7/17,1807.7,1874.707
8/8/17,1806.0,1897.4105
8/9/17,1791.6,1877.0507
8/10/17,1784.85,1863.7845
8/11/17,1786.65,1854.7024
8/14/17,1780.2999,1861.225
8/15/17,1755.45,1867.0837
8/16/17,1763.15,1869.096
8/17/17,1781.5,1861.2372
8/18/17,1786.15,1857.8491
8/21/17,1791.35,1881.9276
8/22/17,1809.85,1882.635
8/23/17,1804.65,1902.6232
8/24/17,1807.7,1862.1976
8/3/17,1806.0,1865.1207
8/4/17,1792.4,1887.2595
8/7/17,1784.85,1873.708
8/8/17,1786.65,1860.5421
8/9/17,1780.2999,1851.6046
8/10/17,1755.45,1857.9706
8/11/17,1763.15,1863.9878
8/14/17,1781.5,1865.7432
8/15/17,1786.15,1857.9636
8/16/17,1791.35,1854.5151
8/17/17,1809.85,1878.5806
8/18/17,1804.65,1879.2683
8/21/17,1807.7,1899.069
8/22/17,1806.0,1859.0667
8/23/17,1792.4,1861.7708
8/24/17,1813.85,1883.7711
8/25/17,1786.65,1866.4279
8/4/17,1780.2999,1853.5188
8/7/17,1755.45,1844.6244
8/8/17,1763.15,1850.7732
8/9/17,1781.5,1856.9128
8/10/17,1786.15,1858.5211
8/11/17,1791.35,1850.8932
8/14/17,1809.85,1847.4226
8/15/17,1804.65,1871.0328
8/16/17,1807.7,1871.8926
8/17/17,1806.0,1891.3481
8/18/17,1792.4,1851.9163
8/21/17,1813.85,1854.4246
8/22/17,1823.2,1876.2162
8/23/17,1780.2999,1858.8365
8/24/17,1755.45,1846.2723
8/25/17,1763.15,1837.3843
8/29/17,1781.5,1843.4496
8/7/17,1786.15,1849.4723
8/8/17,1791.35,1850.8654
8/9/17,1809.85,1843.4164
8/10/17,1804.65,1840.1962
8/11/17,1807.7,1863.2511
8/14/17,1806.0,1864.255
8/15/17,1792.4,1883.2859
8/16/17,1813.85,1844.5465
8/17/17,1823.2,1847.1162
8/18/17,1823.75,1868.4404
8/21/17,1755.45,1849.6852
8/22/17,1763.15,1837.5597
8/23/17,1781.5,1828.7756
8/24/17,1786.15,1834.7236
8/25/17,1791.35,1840.8115
8/29/17,1809.85,1842.0745
8/30/17,1804.65,1834.9515
8/8/17,1807.7,1831.4498
8/9/17,1806.0,1854.293
8/10/17,1792.4,1854.9777
8/11/17,1813.85,1873.7323
8/14/17,1823.2,1835.888
8/15/17,1823.75,1838.163
8/16/17,1824.3,1858.9519
8/17/17,1763.15,1838.0249
8/18/17,1781.5,1826.3542
8/21/17,1786.15,1817.6041
8/22/17,1791.35,1823.5525
8/23/17,1809.85,1829.4432
8/24/17,1804.65,1830.6195
8/25/17,1807.7,1823.8835
8/29/17,1806.0,1820.2571
8/30/17,1792.4,1842.4933
8/31/17,1813.85,1843.1783
8/9/17,1823.2,1861.4843
8/10/17,1823.75,1824.5973
8/11/17,1824.3,1826.7426
8/14/17,1814.9,1846.9261
8/15/17,1781.5,1827.3625
8/16/17,1786.15,1816.1666
8/17/17,1791.35,1807.3845
8/18/17,1809.85,1813.0951
8/21/17,1804.65,1818.1328
8/22/17,1807.7,1818.6239
8/23/17,1806.0,1812.2351
8/24/17,1792.4,1810.0688
8/25/17,1813.85,1830.9543
8/29/17,1823.2,1832.711
8/30/17,1823.75,1849.5826
8/31/17,1824.3,1814.2117
9/1/17,1814.9,1817.014
8/10/17,1823.05,1836.6185
8/11/17,1786.15,1820.0244
8/14/17,1791.35,1808.9158
8/15/17,1809.85,1800.219
8/16/17,1804.65,1805.8136
8/17/17,1807.7,1810.76
8/18/17,1806.0,1811.2699
8/21/17,1792.4,1805.0852
8/22/17,1813.85,1802.777
8/23/17,1823.2,1823.3215
8/24/17,1823.75,1825.2595
8/25/17,1824.3,1841.7043
8/29/17,1814.9,1807.0198
8/30/17,1823.05,1809.6068
8/31/17,1802.15,1829.0109
9/1/17,1791.35,1813.0149
9/4/17,1809.85,1803.7325
8/11/17,1804.65,1794.0922
8/14/17,1807.7,1800.7831
8/15/17,1806.0,1804.284
8/16/17,1792.4,1805.1844
8/17/17,1813.85,1799.8405
8/18/17,1823.2,1797.7692
8/21/17,1823.75,1816.9614
8/22/17,1824.3,1818.4785
8/23/17,1814.9,1835.7008
8/24/17,1823.05,1800.5901
8/25/17,1802.15,1803.947
8/29/17,1799.4501,1823.2213
8/30/17,1809.85,1807.3182
8/31/17,1804.65,1798.4999
9/1/17,1807.7,1789.115
9/4/17,1806.0,1795.6324
9/5/17,1792.4,1798.9294
8/14/17,1813.85,1799.7064
8/15/17,1823.2,1795.0498
8/16/17,1823.75,1792.1372
8/17/17,1824.3,1811.699
8/18/17,1814.9,1813.0526
8/21/17,1823.05,1829.9714
8/22/17,1802.15,1795.58
8/23/17,1799.4501,1798.1937
8/24/17,1799.6,1817.737
8/25/17,1804.65,1802.8204
8/29/17,1807.7,1793.1504
8/30/17,1806.0,1783.9673
8/31/17,1792.4,1790.297
9/1/17,1813.85,1793.8647
9/4/17,1823.2,1795.2233
9/5/17,1823.75,1790.4698
9/6/17,1824.3,1786.9131
8/15/17,1814.9,1806.5958
8/16/17,1823.05,1808.1019
8/17/17,1802.15,1824.611
8/18/17,1799.4501,1790.5935
8/21/17,1799.6,1792.8744
8/22/17,1800.2,1812.2397
8/23/17,1807.7,1804.1162
8/24/17,1806.0,1794.5836
8/25/17,1792.4,1785.3021
8/29/17,1813.85,1791.6372
8/30/17,1823.2,1795.0846
8/31/17,1823.75,1796.4491
9/1/17,1824.3,1791.7009
9/4/17,1814.9,1788.3248
9/5/17,1823.05,1807.8582
9/6/17,1802.15,1809.4779
9/7/17,1799.4501,1826.0452
8/16/17,1799.6,1791.8737
8/17/17,1800.2,1794.2517
8/18/17,1800.35,1813.8186
8/21/17,1806.0,1806.8081
8/22/17,1792.4,1796.9062
8/23/17,1813.85,1787.8159
8/24/17,1823.2,1793.9442
8/25/17,1823.75,1797.7102
8/29/17,1824.3,1799.0137
8/30/17,1814.9,1794.0826
8/31/17,1823.05,1790.6095
9/1/17,1802.15,1810.5687
9/4/17,1799.4501,1812.1361
9/5/17,1799.6,1828.6447
9/6/17,1800.2,1794.4899
9/7/17,1800.35,1796.7001
9/8/17,1796.6,1816.3121
